Filename,Category,Word_Count,First_50_Words
cleaned_1 Math Problem Reveals This Popular Doctrinal Error.en.txt,Three-Angels-Messages,14850,1 hey guys Pastor Ivor Myers here and in 2 hey guys Pastor Ivor Myers here and in 3 hey guys Pastor Ivor Myers here and in today's video we're going to be taking a 4 today's video we're going to be taking a 5 today's video we're going to
"cleaned_11,000 Subscribers! Thank you!.en.txt",Bible-Study-Methods,341,1 hey guys just want to take a minute to 2 hey guys just want to take a minute to 3 hey guys just want to take a minute to thank you we have just been notified 4 thank you we have just been notified 5 thank you we have
cleaned_1844 Part 2 New Link.en.txt,Sanctuary-Judgment-1844,72055,1 [Music] 2 3 [Music] 4 5 Hey. Hey. Hey. 6 7 [Music] 8 9 [Music] 10 11 [Music] 12 13 [Music] 14 15 Heat. Heat. 16 Heat. Heat. 17 Heat. Heat. [Music] 18 19 [Music] 20 21 [Music] 22 23 [Music] 24 25 [Music] 26 27 Heat. 28 29
cleaned_1844 Part 2 New Link.en.txt,Marriage-Family,72055,1 [Music] 2 3 [Music] 4 5 Hey. Hey. Hey. 6 7 [Music] 8 9 [Music] 10 11 [Music] 12 13 [Music] 14 15 Heat. Heat. 16 Heat. Heat. 17 Heat. Heat. [Music] 18 19 [Music] 20 21 [Music] 22 23 [Music] 24 25 [Music] 26 27 Heat. 28 29
cleaned_1844 Part 2 New Link.en.txt,Sabbath-Law,72055,1 [Music] 2 3 [Music] 4 5 Hey. Hey. Hey. 6 7 [Music] 8 9 [Music] 10 11 [Music] 12 13 [Music] 14 15 Heat. Heat. 16 Heat. Heat. 17 Heat. Heat. [Music] 18 19 [Music] 20 21 [Music] 22 23 [Music] 24 25 [Music] 26 27 Heat. 28 29
cleaned_20240216 - Justification By Faith and the Doctrine of Eternal Torment.en.txt,Sermons-General,30348,1 hey guys Pastor Myers here I want to 2 hey guys Pastor Myers here I want to 3 hey guys Pastor Myers here I want to invite you to check out this message on 4 invite you to check out this message on 5 invite you to check out
cleaned_20240226 - Devil's Advocate？.en.txt,Marriage-Family,36254,"1 Hey guys, Pastor Myers here. I want to 2 Hey guys, Pastor Myers here. I want to 3 Hey guys, Pastor Myers here. I want to invite you to check out this very 4 invite you to check out this very 5 invite you to check out this very"
cleaned_20240226 - Devil's Advocate？.en.txt,Current-Events-Commentary,36254,"1 Hey guys, Pastor Myers here. I want to 2 Hey guys, Pastor Myers here. I want to 3 Hey guys, Pastor Myers here. I want to invite you to check out this very 4 invite you to check out this very 5 invite you to check out this very"
cleaned_20240226 - Devil's Advocate？.en.txt,Sabbath-Law,36254,"1 Hey guys, Pastor Myers here. I want to 2 Hey guys, Pastor Myers here. I want to 3 Hey guys, Pastor Myers here. I want to invite you to check out this very 4 invite you to check out this very 5 invite you to check out this very"
"cleaned_20240321 - Investing, and How to Avoid Bankruptcy in the Last Days.en.txt",Sabbath-Law,22090,1 no man anything but to love one 2 no man anything but to love one 3 no man anything but to love one another for he that loveth another hath 4 another for he that loveth another hath 5 another for he that loveth another hath fulfilled the 6
cleaned_20240410 - Time Restricted Eating ｜ Morning vs. Midday Meals.en.txt,Apologetics-Defense,7681,1 today we're going to talk about a very 2 today we're going to talk about a very 3 today we're going to talk about a very interesting randomized control trial 4 interesting randomized control trial 5 interesting randomized control trial that was published back in February of 6 that
cleaned_20240410 - Time Restricted Eating ｜ Morning vs. Midday Meals.en.txt,Health-Wellness,7681,1 today we're going to talk about a very 2 today we're going to talk about a very 3 today we're going to talk about a very interesting randomized control trial 4 interesting randomized control trial 5 interesting randomized control trial that was published back in February of 6 that
cleaned_20240509 - Who is the Scapegoat？.en.txt,Sermons-General,44058,1 [Music] 2 3 [Music] 4 5 [Music] 6 7 [Music] 8 [Music] 9 [Music] for 10 11 [Music] 12 13 amen welcome everyone to living Mana 14 amen welcome everyone to living Mana 15 amen welcome everyone to living Mana online church I'm excited about today's 16 online church
cleaned_20240521 - Is the Scapegoat an Innocent Victim？ Answering a critic....en.txt,Apologetics-Defense,7493,1 [Music] 2 [Music] 3 [Music] hey guys what's up Pastor Meers here and 4 hey guys what's up Pastor Meers here and 5 hey guys what's up Pastor Meers here and uh I'm just dropping a quick video this 6 uh I'm just dropping a quick video this 7
cleaned_20240826 - Adventists Deny the Deity of Jesus？ Fact Checking ＂With the Perry's＂ Podcast!.en.txt,Apologetics-Defense,23941,1 a mouthful bro um thank you for for the 2 a mouthful bro um thank you for for the 3 a mouthful bro um thank you for for the background and the education man I a lot 4 background and the education man I a lot 5 background and
cleaned_20240830 - 3 Verses？ Really？.en.txt,Sermons-General,2193,1 um and I'll kind of pass the mic to Dr 2 um and I'll kind of pass the mic to Dr 3 um and I'll kind of pass the mic to Dr Eric Mason now he'll probably teach you 4 Eric Mason now he'll probably teach you 5 Eric
cleaned_20240830 - Fact 6-7 from the Perry's Podcast： SDA's Have Their Own Bible？ Ellen White Infallible？.en.txt,Apologetics-Defense,4539,1 you guys this thing has been brewing in 2 you guys this thing has been brewing in 3 you guys this thing has been brewing in my soul since the first day I was 4 my soul since the first day I was 5 my soul since the first
cleaned_20240830 - Fact 6-7 from the Perry's Podcast： SDA's Have Their Own Bible？ Ellen White Infallible？.en.txt,Mental-Health-Soul-Care,4539,1 you guys this thing has been brewing in 2 you guys this thing has been brewing in 3 you guys this thing has been brewing in my soul since the first day I was 4 my soul since the first day I was 5 my soul since the first
cleaned_20240901 - Why So Many Christians Reject An Investigative Judgment.en.txt,Sanctuary-Judgment-1844,46033,1 all right welcome everyone um happy 2 all right welcome everyone um happy 3 all right welcome everyone um happy Sabbath to you I want to uh uh invite 4 Sabbath to you I want to uh uh invite 5 Sabbath to you I want to uh uh invite
cleaned_20240901 - Why So Many Christians Reject An Investigative Judgment.en.txt,Sabbath-Law,46033,1 all right welcome everyone um happy 2 all right welcome everyone um happy 3 all right welcome everyone um happy Sabbath to you I want to uh uh invite 4 Sabbath to you I want to uh uh invite 5 Sabbath to you I want to uh uh invite
cleaned_20240928 - Excerpt From Heaven's Diary Part II.en.txt,Prophecy-Daniel-Revelation,3379,1 the time of trouble such as never was 2 the time of trouble such as never was 3 the time of trouble such as never was Came Upon the world as an overwhelming 4 Came Upon the world as an overwhelming 5 Came Upon the world as an overwhelming
cleaned_20240928 - Excerpt From Heaven's Diary Part II.en.txt,Three-Angels-Messages,3379,1 the time of trouble such as never was 2 the time of trouble such as never was 3 the time of trouble such as never was Came Upon the world as an overwhelming 4 Came Upon the world as an overwhelming 5 Came Upon the world as an overwhelming
cleaned_20241112 - Barabbas and Christian Nationalism.en.txt,Marriage-Family,33300,1 [Music] 2 3 oh 4 5 oh 6 7 [Music] 8 9 amen happy Sabbath church family um I 10 amen happy Sabbath church family um I 11 amen happy Sabbath church family um I want to welcome you again to living Mana 12 want to welcome you again
cleaned_20241112 - Barabbas and Christian Nationalism.en.txt,Current-Events-Commentary,33300,1 [Music] 2 3 oh 4 5 oh 6 7 [Music] 8 9 amen happy Sabbath church family um I 10 amen happy Sabbath church family um I 11 amen happy Sabbath church family um I want to welcome you again to living Mana 12 want to welcome you again
cleaned_20241112 - Barabbas and Christian Nationalism.en.txt,Sabbath-Law,33300,1 [Music] 2 3 oh 4 5 oh 6 7 [Music] 8 9 amen happy Sabbath church family um I 10 amen happy Sabbath church family um I 11 amen happy Sabbath church family um I want to welcome you again to living Mana 12 want to welcome you again
cleaned_20250202 - Eulogy for Sean Myers.en.txt,Mental-Health-Soul-Care,16127,1 a few months ago 2 a few months ago 3 a few months ago um I did a 4 um I did a 5 um I did a funeral and 6 7 uh I just kept thinking in my mind 8 uh I just kept thinking in my mind
cleaned_20250206 - Full length memorial service for Sean Myers.en.txt,Mental-Health-Soul-Care,61517,1 [Music] 2 3 good morning family and 4 5 friends on behalf of the family I'd like 6 friends on behalf of the family I'd like 7 friends on behalf of the family I'd like to welcome you here to the celebration 8 to welcome you here to the
cleaned_20250206 - Full length memorial service for Sean Myers.en.txt,Marriage-Family,61517,1 [Music] 2 3 good morning family and 4 5 friends on behalf of the family I'd like 6 friends on behalf of the family I'd like 7 friends on behalf of the family I'd like to welcome you here to the celebration 8 to welcome you here to the
cleaned_20250415 - The Seal of God： The Sabbath or the Spirit？.en.txt,Prophecy-Daniel-Revelation,22808,1 Happy Sabbath everyone. 2 Happy Sabbath everyone. 3 Happy Sabbath everyone. Uh it is good to be here with you 4 Uh it is good to be here with you 5 Uh it is good to be here with you today. Um I am uh thankful for the 6
cleaned_20250415 - The Seal of God： The Sabbath or the Spirit？.en.txt,Sabbath-Law,22808,1 Happy Sabbath everyone. 2 Happy Sabbath everyone. 3 Happy Sabbath everyone. Uh it is good to be here with you 4 Uh it is good to be here with you 5 Uh it is good to be here with you today. Um I am uh thankful for the 6
cleaned_20250421 - Issues with the S.O.P？.en.txt,Marriage-Family,30957,"1 Greetings church family. Um, welcome to 2 Greetings church family. Um, welcome to 3 Greetings church family. Um, welcome to Living Mana Online 4 Living Mana Online 5 Living Mana Online Church. Uh, I'm glad that you are 6 Church. Uh, I'm glad that you are 7 Church. Uh,"
cleaned_20250426 - When No Man Can Buy or Sell.en.txt,Sermons-General,26382,1 Living man online church and please go 2 Living man online church and please go 3 Living man online church and please go ahead and put a one in the chat if you 4 ahead and put a one in the chat if you 5 ahead and put a
cleaned_20250603 - Esther's Secret： How God Reverses Judgement & Delivers His People!.en.txt,Prophecy-Daniel-Revelation,3307,1 Azurus opens the 2 Azurus opens the 3 Azurus opens the books and reviews the deeds of the 4 5 righteous. And it is that review of the 6 righteous. And it is that review of the 7 righteous. And it is that review of the deeds of the
cleaned_20250603 - Esther's Secret： How God Reverses Judgement & Delivers His People!.en.txt,Sanctuary-Judgment-1844,3307,1 Azurus opens the 2 Azurus opens the 3 Azurus opens the books and reviews the deeds of the 4 5 righteous. And it is that review of the 6 righteous. And it is that review of the 7 righteous. And it is that review of the deeds of the
cleaned_20250603 - Esther's Secret： How God Reverses Judgement & Delivers His People!.en.txt,Phototheology-Principles,3307,1 Azurus opens the 2 Azurus opens the 3 Azurus opens the books and reviews the deeds of the 4 5 righteous. And it is that review of the 6 righteous. And it is that review of the 7 righteous. And it is that review of the deeds of the
cleaned_20250901 - And It Was So： Understanding The Power of the Word.en.txt,Mental-Health-Soul-Care,29124,1 Amen. Welcome uh church family. I want 2 Amen. Welcome uh church family. I want 3 Amen. Welcome uh church family. I want to wish you all a happy Sabbath and um 4 to wish you all a happy Sabbath and um 5 to wish you all a happy
cleaned_20250901 - And It Was So： Understanding The Power of the Word.en.txt,Marriage-Family,29124,1 Amen. Welcome uh church family. I want 2 Amen. Welcome uh church family. I want 3 Amen. Welcome uh church family. I want to wish you all a happy Sabbath and um 4 to wish you all a happy Sabbath and um 5 to wish you all a happy
cleaned_20250901 - And It Was So： Understanding The Power of the Word.en.txt,Current-Events-Commentary,29124,1 Amen. Welcome uh church family. I want 2 Amen. Welcome uh church family. I want 3 Amen. Welcome uh church family. I want to wish you all a happy Sabbath and um 4 to wish you all a happy Sabbath and um 5 to wish you all a happy
cleaned_20250901 - And It Was So： Understanding The Power of the Word.en.txt,Sabbath-Law,29124,1 Amen. Welcome uh church family. I want 2 Amen. Welcome uh church family. I want 3 Amen. Welcome uh church family. I want to wish you all a happy Sabbath and um 4 to wish you all a happy Sabbath and um 5 to wish you all a happy
cleaned_20250901 - And It Was So： Understanding The Power of the Word.en.txt,Creation-Origins,29124,1 Amen. Welcome uh church family. I want 2 Amen. Welcome uh church family. I want 3 Amen. Welcome uh church family. I want to wish you all a happy Sabbath and um 4 to wish you all a happy Sabbath and um 5 to wish you all a happy
cleaned_20250901 - The Day of the Lord： This Bible Message Changes Everything!.en.txt,Prophecy-Daniel-Revelation,32976,1 family. Uh we are getting ready to get 2 family. Uh we are getting ready to get 3 family. Uh we are getting ready to get into the word of God this morning. And 4 into the word of God this morning. And 5 into the word of God
cleaned_20250901 - The Day of the Lord： This Bible Message Changes Everything!.en.txt,Marriage-Family,32976,1 family. Uh we are getting ready to get 2 family. Uh we are getting ready to get 3 family. Uh we are getting ready to get into the word of God this morning. And 4 into the word of God this morning. And 5 into the word of God
cleaned_20250914 - Exposed： A Dark Truth Revealed about the Charlie Kirk Assassination!.en.txt,Prophecy-Daniel-Revelation,36605,1 Amen. And happy Sabbath everyone. Um I 2 Amen. And happy Sabbath everyone. Um I 3 Amen. And happy Sabbath everyone. Um I want to welcome you to Living Mana 4 want to welcome you to Living Mana 5 want to welcome you to Living Mana Online Church. We
cleaned_20250914 - Exposed： A Dark Truth Revealed about the Charlie Kirk Assassination!.en.txt,Current-Events-Commentary,36605,1 Amen. And happy Sabbath everyone. Um I 2 Amen. And happy Sabbath everyone. Um I 3 Amen. And happy Sabbath everyone. Um I want to welcome you to Living Mana 4 want to welcome you to Living Mana 5 want to welcome you to Living Mana Online Church. We
cleaned_20250914 - Exposed： A Dark Truth Revealed about the Charlie Kirk Assassination!.en.txt,Sabbath-Law,36605,1 Amen. And happy Sabbath everyone. Um I 2 Amen. And happy Sabbath everyone. Um I 3 Amen. And happy Sabbath everyone. Um I want to welcome you to Living Mana 4 want to welcome you to Living Mana 5 want to welcome you to Living Mana Online Church. We
"cleaned_20250929 - Left Jesus, Right Jesus.en.txt",Current-Events-Commentary,35086,1 [Music] 2 3 Amen. Amen. Uh happy Sabbath everyone. 4 Amen. Amen. Uh happy Sabbath everyone. 5 Amen. Amen. Uh happy Sabbath everyone. Welcome to Living Manor online. Uh we 6 Welcome to Living Manor online. Uh we 7 Welcome to Living Manor online. Uh we have a um
"cleaned_20250929 - Left Jesus, Right Jesus.en.txt",Sabbath-Law,35086,1 [Music] 2 3 Amen. Amen. Uh happy Sabbath everyone. 4 Amen. Amen. Uh happy Sabbath everyone. 5 Amen. Amen. Uh happy Sabbath everyone. Welcome to Living Manor online. Uh we 6 Welcome to Living Manor online. Uh we 7 Welcome to Living Manor online. Uh we have a um
"cleaned_20250930 - Divisions in Church： Left Jesus, Right Jesus.en.txt",Current-Events-Commentary,2084,1 The body should not be divided over 2 The body should not be divided over 3 The body should not be divided over vaccines or over race. There is nothing 4 vaccines or over race. There is nothing 5 vaccines or over race. There is nothing that should divide
cleaned_20251008 - The Israel-America Problem： Did The Bible Predict This？.en.txt,Current-Events-Commentary,46801,1 Heat. Heat. Heat. 2 3 [Music] 4 5 Heat. 6 7 [Music] 8 9 Heat. 10 11 [Music] 12 [Music] 13 [Music] Heat. Heat. 14 15 Heat 16 Heat 17 Heat up here. 18 19 [Music] 20 21 [Music] 22 23 Heat. Heat. 24 Heat. Heat. 25 [Applause] 26
cleaned_20251008 - The Israel-America Problem： Did The Bible Predict This？.en.txt,Sabbath-Law,46801,1 Heat. Heat. Heat. 2 3 [Music] 4 5 Heat. 6 7 [Music] 8 9 Heat. 10 11 [Music] 12 [Music] 13 [Music] Heat. Heat. 14 15 Heat 16 Heat 17 Heat up here. 18 19 [Music] 20 21 [Music] 22 23 Heat. Heat. 24 Heat. Heat. 25 [Applause] 26
cleaned_20251103 - A False Jesus： The Modern Counterfeiting of Christianity.en.txt,Sermons-General,25035,1 with you today. 2 with you today. 3 with you today. And um I think back to uh 1994 4 And um I think back to uh 1994 5 And um I think back to uh 1994 when I was uh baptized uh into the 7th 6 when I
cleaned_20251109 - Pastor Under Fire for Photo with Muslim Politician at Religious Liberty Event.en.txt,Marriage-Family,42006,1 Amen. Amen. Happy Sabbath living mana 2 Amen. Amen. Happy Sabbath living mana 3 Amen. Amen. Happy Sabbath living mana church family. Uh I want to invite you. 4 church family. Uh I want to invite you. 5 church family. Uh I want to invite you. I want to
cleaned_20251109 - Pastor Under Fire for Photo with Muslim Politician at Religious Liberty Event.en.txt,Sabbath-Law,42006,1 Amen. Amen. Happy Sabbath living mana 2 Amen. Amen. Happy Sabbath living mana 3 Amen. Amen. Happy Sabbath living mana church family. Uh I want to invite you. 4 church family. Uh I want to invite you. 5 church family. Uh I want to invite you. I want to
cleaned_20260106 - Tribute to My Brother Sean Myers： Heaven's Diary Part 1 and 2 mp4.en.txt,Sermons-General,77966,"1 Hey guys, Pastor Myers here and um 2 Hey guys, Pastor Myers here and um 3 Hey guys, Pastor Myers here and um I am uh just jumping on tonight to uh 4 I am uh just jumping on tonight to uh 5 I am uh just jumping on"
cleaned_20260210 - You've Never Heard the Bible Story Like This Before.en.txt,Sermons-General,25024,1 I am excited uh tonight because I have a 2 I am excited uh tonight because I have a 3 I am excited uh tonight because I have a good story to tell you. How many of you 4 good story to tell you. How many of you 5
cleaned_2300 Day prophecy Q and A： Patel Brothers Final Presentation.en.txt,Prophecy-Daniel-Revelation,52347,1 campbell seventh-day adventist church we 2 campbell seventh-day adventist church we 3 campbell seventh-day adventist church we are so happy that you have joined us 4 are so happy that you have joined us 5 are so happy that you have joined us again today um this is the
cleaned_2300 Day prophecy Q and A： Patel Brothers Final Presentation.en.txt,Sabbath-Law,52347,1 campbell seventh-day adventist church we 2 campbell seventh-day adventist church we 3 campbell seventh-day adventist church we are so happy that you have joined us 4 are so happy that you have joined us 5 are so happy that you have joined us again today um this is the
cleaned_3 Verses？ Really？.en.txt,Sermons-General,2193,1 um and I'll kind of pass the mic to Dr 2 um and I'll kind of pass the mic to Dr 3 um and I'll kind of pass the mic to Dr Eric Mason now he'll probably teach you 4 Eric Mason now he'll probably teach you 5 Eric
cleaned_3 Ways to Talk like a Bad Guy (Do the Opposite of This).en.txt,Sermons-General,5448,1 in the book of matthew chapter 12 and 2 in the book of matthew chapter 12 and 3 in the book of matthew chapter 12 and verse 34. 4 verse 34. 5 verse 34. uh jesus here is speaking to the to the 6 uh jesus here is speaking
cleaned_7 Ways to Light Up the World ｜ Pastor Ivor Myers.en.txt,Mental-Health-Soul-Care,13284,1 we have polarization in politics a lot 2 we have polarization in politics a lot 3 we have polarization in politics a lot of hate going on people are tense angry 4 5 we have viruses that are going around 6 7 has people nervous fearful we look at
cleaned_7 Ways to Light Up the World ｜ Pastor Ivor Myers.en.txt,Current-Events-Commentary,13284,1 we have polarization in politics a lot 2 we have polarization in politics a lot 3 we have polarization in politics a lot of hate going on people are tense angry 4 5 we have viruses that are going around 6 7 has people nervous fearful we look at
cleaned_7 Years of Tribulation.en.txt,Prophecy-Daniel-Revelation,44521,1 question of the seven years of 2 question of the seven years of 3 question of the seven years of tribulation put a five in the chat if 4 tribulation put a five in the chat if 5 tribulation put a five in the chat if you have heard
cleaned_9 Essentials for The Time of Trouble.en.txt,Marriage-Family,106426,1 e 2 3 e 4 5 e 6 7 e 8 9 e 10 11 e e 12 13 [Music] 14 15 [Music] 16 17 [Music] 18 19 [Music] 20 21 [Music] 22 23 [Music] 24 25 [Music] 26 27 [Music] 28 29 [Music] 30 31 [Music] 32 33
cleaned_A False Jesus： The Modern Counterfeiting of Christianity.en.txt,Sermons-General,25035,1 with you today. 2 with you today. 3 with you today. And um I think back to uh 1994 4 And um I think back to uh 1994 5 And um I think back to uh 1994 when I was uh baptized uh into the 7th 6 when I
cleaned_A Mathematical Challenge for Jehovah's Witnesses.en.txt,Prophecy-Daniel-Revelation,15044,1 in today's video we're going to be 2 in today's video we're going to be 3 in today's video we're going to be looking at a mathematical challenge for 4 looking at a mathematical challenge for 5 looking at a mathematical challenge for Jehovah's Witnesses so if you know
cleaned_A Naturopathic Guide to Cold & Flu Season.en.txt,Health-Wellness,9579,1 have you ever felt like every cold and 2 have you ever felt like every cold and 3 have you ever felt like every cold and flu season was a direct attack on you 4 flu season was a direct attack on you 5 flu season was a direct
cleaned_A Virgin Shall Conceive.en.txt,Marriage-Family,104512,1 [Music] 2 [Music] 3 [Music] h 4 5 [Music] 6 7 how 8 9 [Music] 10 [Music] 11 [Music] o 12 o 13 o [Music] 14 [Music] 15 [Music] w 16 17 [Music] 18 [Music] 19 [Music] [Applause] 20 21 [Music] 22 23 oh 24 25 [Music] 26 27
cleaned_A Virgin Shall Conceive.en.txt,Sabbath-Law,104512,1 [Music] 2 [Music] 3 [Music] h 4 5 [Music] 6 7 how 8 9 [Music] 10 [Music] 11 [Music] o 12 o 13 o [Music] 14 [Music] 15 [Music] w 16 17 [Music] 18 [Music] 19 [Music] [Applause] 20 21 [Music] 22 23 oh 24 25 [Music] 26 27
cleaned_Adventism; Think You Know？ Think Again...en.txt,Marriage-Family,93876,"1 Heat. Heat. 2 3 Heat. Heat. 4 5 Heat. Heat. 6 7 Heat. Heat. 8 9 Heat. Heat. 10 11 Heat. Heat. 12 13 That's 14 15 heat. 16 17 Heat. Heat. N. 18 19 Heat. Heat. N. 20 21 Heat. Hey, heat. Hey, heat. 22 23 Welcome Living"
cleaned_Adventism; Think You Know？ Think Again...en.txt,Sabbath-Law,93876,"1 Heat. Heat. 2 3 Heat. Heat. 4 5 Heat. Heat. 6 7 Heat. Heat. 8 9 Heat. Heat. 10 11 Heat. Heat. 12 13 That's 14 15 heat. 16 17 Heat. Heat. N. 18 19 Heat. Heat. N. 20 21 Heat. Hey, heat. Hey, heat. 22 23 Welcome Living"
cleaned_Adventists Deny the Deity of Jesus？ Fact Checking ＂With the Perry's＂ Podcast!.en.txt,Apologetics-Defense,23941,1 a mouthful bro um thank you for for the 2 a mouthful bro um thank you for for the 3 a mouthful bro um thank you for for the background and the education man I a lot 4 background and the education man I a lot 5 background and
cleaned_America in Prophecy.en.txt,Prophecy-Daniel-Revelation,33046,1 it's 2 3 it is a good to have you all here 4 it is a good to have you all here 5 it is a good to have you all here tonight and we're going to be covering 6 tonight and we're going to be covering 7 tonight
cleaned_America in Prophecy.en.txt,Current-Events-Commentary,33046,1 it's 2 3 it is a good to have you all here 4 it is a good to have you all here 5 it is a good to have you all here tonight and we're going to be covering 6 tonight and we're going to be covering 7 tonight
cleaned_And It Was So： Understanding The Power of the Word.en.txt,Mental-Health-Soul-Care,29124,1 Amen. Welcome uh church family. I want 2 Amen. Welcome uh church family. I want 3 Amen. Welcome uh church family. I want to wish you all a happy Sabbath and um 4 to wish you all a happy Sabbath and um 5 to wish you all a happy
cleaned_And It Was So： Understanding The Power of the Word.en.txt,Marriage-Family,29124,1 Amen. Welcome uh church family. I want 2 Amen. Welcome uh church family. I want 3 Amen. Welcome uh church family. I want to wish you all a happy Sabbath and um 4 to wish you all a happy Sabbath and um 5 to wish you all a happy
cleaned_And It Was So： Understanding The Power of the Word.en.txt,Current-Events-Commentary,29124,1 Amen. Welcome uh church family. I want 2 Amen. Welcome uh church family. I want 3 Amen. Welcome uh church family. I want to wish you all a happy Sabbath and um 4 to wish you all a happy Sabbath and um 5 to wish you all a happy
cleaned_And It Was So： Understanding The Power of the Word.en.txt,Sabbath-Law,29124,1 Amen. Welcome uh church family. I want 2 Amen. Welcome uh church family. I want 3 Amen. Welcome uh church family. I want to wish you all a happy Sabbath and um 4 to wish you all a happy Sabbath and um 5 to wish you all a happy
cleaned_And It Was So： Understanding The Power of the Word.en.txt,Creation-Origins,29124,1 Amen. Welcome uh church family. I want 2 Amen. Welcome uh church family. I want 3 Amen. Welcome uh church family. I want to wish you all a happy Sabbath and um 4 to wish you all a happy Sabbath and um 5 to wish you all a happy
"cleaned_Aretha Franklin Still Alive？ The Bible Truth about the Supernatural, Hell, and life after Death..en.txt",Apologetics-Defense,14984,1 [Music] 2 [Music] 3 [Music] hey guys 4 hey guys 5 hey guys IRA Myers here with power of the land 6 IRA Myers here with power of the land 7 IRA Myers here with power of the land ministries and this is my promise to 8 ministries and
cleaned_Barabbas and Christian Nationalism.en.txt,Marriage-Family,33300,1 [Music] 2 3 oh 4 5 oh 6 7 [Music] 8 9 amen happy Sabbath church family um I 10 amen happy Sabbath church family um I 11 amen happy Sabbath church family um I want to welcome you again to living Mana 12 want to welcome you again
cleaned_Barabbas and Christian Nationalism.en.txt,Current-Events-Commentary,33300,1 [Music] 2 3 oh 4 5 oh 6 7 [Music] 8 9 amen happy Sabbath church family um I 10 amen happy Sabbath church family um I 11 amen happy Sabbath church family um I want to welcome you again to living Mana 12 want to welcome you again
cleaned_Barabbas and Christian Nationalism.en.txt,Sabbath-Law,33300,1 [Music] 2 3 oh 4 5 oh 6 7 [Music] 8 9 amen happy Sabbath church family um I 10 amen happy Sabbath church family um I 11 amen happy Sabbath church family um I want to welcome you again to living Mana 12 want to welcome you again
cleaned_Be Not Weary in Well Doing (Keep Your Inheritance) ｜ Pastor Ivor Myers.en.txt,Phototheology-Principles,21940,1 at Calvary and he trotted how alone is 2 at Calvary and he trotted how alone is 3 at Calvary and he trotted how alone is that good news or bad news that's good 4 that good news or bad news that's good 5 that good news or bad
cleaned_Bible Prophecy & The Second Coming： How God Prepares You ｜ Pastor Ivor Myers.en.txt,Prophecy-Daniel-Revelation,3433,1 the Bible says then certain of the 2 the Bible says then certain of the 3 the Bible says then certain of the scribes and of the Pharisees answered 4 scribes and of the Pharisees answered 5 scribes and of the Pharisees answered saying master we would see a
cleaned_Bring Your Questions—We’re Going Back There. Marriage!.en.txt,Mental-Health-Soul-Care,32354,"1 Awesome. 2 3 I think we're live. 4 5 >> I think we are, too. 6 7 Welcome mental health family. 8 Welcome mental health family. 9 Welcome mental health family. Wasn't sure if we were live again or if 10 Wasn't sure if we were live again or"
cleaned_Bring Your Questions—We’re Going Back There. Marriage!.en.txt,Marriage-Family,32354,"1 Awesome. 2 3 I think we're live. 4 5 >> I think we are, too. 6 7 Welcome mental health family. 8 Welcome mental health family. 9 Welcome mental health family. Wasn't sure if we were live again or if 10 Wasn't sure if we were live again or"
cleaned_Bring Your Questions—We’re Going Back There. Marriage!.en.txt,Health-Wellness,32354,"1 Awesome. 2 3 I think we're live. 4 5 >> I think we are, too. 6 7 Welcome mental health family. 8 Welcome mental health family. 9 Welcome mental health family. Wasn't sure if we were live again or if 10 Wasn't sure if we were live again or"
cleaned_Bring Your Questions—We’re Going There! Marriage Pt 3.en.txt,Phototheology-Principles,39851,1 Welcome to Mental Health Monday. So 2 Welcome to Mental Health Monday. So 3 Welcome to Mental Health Monday. So happy that you guys are here with us. 4 happy that you guys are here with us. 5 happy that you guys are here with us. Good to see
cleaned_Bring Your Questions—We’re Going There! Marriage Pt 3.en.txt,Mental-Health-Soul-Care,39851,1 Welcome to Mental Health Monday. So 2 Welcome to Mental Health Monday. So 3 Welcome to Mental Health Monday. So happy that you guys are here with us. 4 happy that you guys are here with us. 5 happy that you guys are here with us. Good to see
cleaned_Bring Your Questions—We’re Going There! Marriage Pt 3.en.txt,Marriage-Family,39851,1 Welcome to Mental Health Monday. So 2 Welcome to Mental Health Monday. So 3 Welcome to Mental Health Monday. So happy that you guys are here with us. 4 happy that you guys are here with us. 5 happy that you guys are here with us. Good to see
cleaned_Bring Your Questions—We’re Going There! Marriage Pt 3.en.txt,Health-Wellness,39851,1 Welcome to Mental Health Monday. So 2 Welcome to Mental Health Monday. So 3 Welcome to Mental Health Monday. So happy that you guys are here with us. 4 happy that you guys are here with us. 5 happy that you guys are here with us. Good to see
cleaned_Can the Quran Pass the Bible's Math Exam？.en.txt,Prophecy-Daniel-Revelation,22331,"1 [Music] 2 3 [Music] 4 [Music] 5 [Music] Hey guys, Pastor Ivor Meyers here and uh 6 Hey guys, Pastor Ivor Meyers here and uh 7 Hey guys, Pastor Ivor Meyers here and uh in this video we're going to be taking a 8 in this video we're going"
cleaned_Can the Quran Pass the Bible's Math Exam？.en.txt,Mental-Health-Soul-Care,22331,"1 [Music] 2 3 [Music] 4 [Music] 5 [Music] Hey guys, Pastor Ivor Meyers here and uh 6 Hey guys, Pastor Ivor Meyers here and uh 7 Hey guys, Pastor Ivor Meyers here and uh in this video we're going to be taking a 8 in this video we're going"
cleaned_Cancer and It's Causes.en.txt,Marriage-Family,35943,1 Hello friends and welcome back to True 2 Hello friends and welcome back to True 3 Hello friends and welcome back to True Health Tuesdays. I am so glad you're 4 Health Tuesdays. I am so glad you're 5 Health Tuesdays. I am so glad you're here. I am
cleaned_Cancer and It's Causes.en.txt,Health-Wellness,35943,1 Hello friends and welcome back to True 2 Hello friends and welcome back to True 3 Hello friends and welcome back to True Health Tuesdays. I am so glad you're 4 Health Tuesdays. I am so glad you're 5 Health Tuesdays. I am so glad you're here. I am
cleaned_Christ in All the Scriptures： David and Bathsheba.en.txt,Prophecy-Daniel-Revelation,1169,1 if someone had told me 24 years ago that 2 if someone had told me 24 years ago that 3 if someone had told me 24 years ago that this former hip-hop artist would be at a 4 this former hip-hop artist would be at a 5 this former
cleaned_Christian Apologetics ｜ Can Agnostics Solve This Bible Math Puzzle？.en.txt,Apologetics-Defense,43702,1 hey guys Pastor Ivor Myers here and in 2 hey guys Pastor Ivor Myers here and in 3 hey guys Pastor Ivor Myers here and in today's video we're going to be taking a 4 today's video we're going to be taking a 5 today's video we're going to
cleaned_Copy of Marriage & the Sanctuary (5⧸5) Should You Keep the 10 Commandments？.en.txt,Sanctuary-Judgment-1844,103532,1 discussion 2 discussion 3 discussion today on marriage and the sanctions and 4 today on marriage and the sanctions and 5 today on marriage and the sanctions and the sanctuary and it is our last part 6 the sanctuary and it is our last part 7 the sanctuary and
cleaned_Copy of Marriage & the Sanctuary (5⧸5) Should You Keep the 10 Commandments？.en.txt,Marriage-Family,103532,1 discussion 2 discussion 3 discussion today on marriage and the sanctions and 4 today on marriage and the sanctions and 5 today on marriage and the sanctions and the sanctuary and it is our last part 6 the sanctuary and it is our last part 7 the sanctuary and
cleaned_Copy of Marriage & the Sanctuary (5⧸5) Should You Keep the 10 Commandments？.en.txt,Sabbath-Law,103532,1 discussion 2 discussion 3 discussion today on marriage and the sanctions and 4 today on marriage and the sanctions and 5 today on marriage and the sanctions and the sanctuary and it is our last part 6 the sanctuary and it is our last part 7 the sanctuary and
cleaned_Crippled Christian ｜ Pastor Ivor Myers.en.txt,Sermons-General,12272,1 after two verse 34 and 35 the Bible says 2 after two verse 34 and 35 the Bible says 3 after two verse 34 and 35 the Bible says and Simeon blessed them and said unto 4 and Simeon blessed them and said unto 5 and Simeon blessed them
cleaned_Crossroads or Collapse？ LMOC-LIVE!.en.txt,Marriage-Family,123373,1 Heat. Heat. 2 3 [Music] 4 5 [Music] 6 7 [Music] 8 [Music] 9 [Music] Heat. 10 11 [Music] 12 13 [Music] 14 [Music] 15 [Music] Heat. 16 17 Heat. 18 Heat. 19 Heat. [Music] 20 [Music] 21 [Music] Heat. 22 23 [Music] 24 25 [Music] 26 [Music] 27
cleaned_Crossroads or Collapse？ LMOC-LIVE!.en.txt,Sabbath-Law,123373,1 Heat. Heat. 2 3 [Music] 4 5 [Music] 6 7 [Music] 8 [Music] 9 [Music] Heat. 10 11 [Music] 12 13 [Music] 14 [Music] 15 [Music] Heat. 16 17 Heat. 18 Heat. 19 Heat. [Music] 20 [Music] 21 [Music] Heat. 22 23 [Music] 24 25 [Music] 26 [Music] 27
cleaned_Cure for a Broken Heart!.en.txt,Mental-Health-Soul-Care,41886,1 Heat. 2 3 [Music] 4 [Music] 5 [Music] Heat. 6 7 [Music] 8 9 Welcome to Mental Health Monday. We are 10 Welcome to Mental Health Monday. We are 11 Welcome to Mental Health Monday. We are so happy to have you all here with us 12 so happy
cleaned_Cure for a Broken Heart!.en.txt,Health-Wellness,41886,1 Heat. 2 3 [Music] 4 [Music] 5 [Music] Heat. 6 7 [Music] 8 9 Welcome to Mental Health Monday. We are 10 Welcome to Mental Health Monday. We are 11 Welcome to Mental Health Monday. We are so happy to have you all here with us 12 so happy
cleaned_Destroying Your Tower of Babel ｜ Pastor Ivor Myers.en.txt,Creation-Origins,19081,1 Genesis 11 verse 1 the Bible says and it 2 Genesis 11 verse 1 the Bible says and it 3 Genesis 11 verse 1 the Bible says and it and the whole earth was of one language 4 and the whole earth was of one language 5 and the
cleaned_Devil's Advocate？.en.txt,Marriage-Family,36254,"1 Hey guys, Pastor Myers here. I want to 2 Hey guys, Pastor Myers here. I want to 3 Hey guys, Pastor Myers here. I want to invite you to check out this very 4 invite you to check out this very 5 invite you to check out this very"
cleaned_Devil's Advocate？.en.txt,Current-Events-Commentary,36254,"1 Hey guys, Pastor Myers here. I want to 2 Hey guys, Pastor Myers here. I want to 3 Hey guys, Pastor Myers here. I want to invite you to check out this very 4 invite you to check out this very 5 invite you to check out this very"
cleaned_Devil's Advocate？.en.txt,Sabbath-Law,36254,"1 Hey guys, Pastor Myers here. I want to 2 Hey guys, Pastor Myers here. I want to 3 Hey guys, Pastor Myers here. I want to invite you to check out this very 4 invite you to check out this very 5 invite you to check out this very"
cleaned_Disease X.1： Are You Prepared？.en.txt,Health-Wellness,16194,1 how to prepare for the next pandemic 2 how to prepare for the next pandemic 3 how to prepare for the next pandemic welcome to another true Health Tuesdays 4 welcome to another true Health Tuesdays 5 welcome to another true Health Tuesdays and there has been some discussion
cleaned_Disease X.1： Are You Prepared？.en.txt,Current-Events-Commentary,16194,1 how to prepare for the next pandemic 2 how to prepare for the next pandemic 3 how to prepare for the next pandemic welcome to another true Health Tuesdays 4 welcome to another true Health Tuesdays 5 welcome to another true Health Tuesdays and there has been some discussion
"cleaned_Divisions in Church： Left Jesus, Right Jesus.en.txt",Current-Events-Commentary,2084,1 The body should not be divided over 2 The body should not be divided over 3 The body should not be divided over vaccines or over race. There is nothing 4 vaccines or over race. There is nothing 5 vaccines or over race. There is nothing that should divide
cleaned_Do You Have Dominion Over the Beast？ ｜ Pastor Ivor Myers.en.txt,Prophecy-Daniel-Revelation,15670,1 Revelation 12:17 the title of the 2 Revelation 12:17 the title of the 3 Revelation 12:17 the title of the message Revelation 12:7 the Bible says 4 message Revelation 12:7 the Bible says 5 message Revelation 12:7 the Bible says here and the 6 here and the 7 here
cleaned_Do You Have Dominion Over the Beast？ ｜ Pastor Ivor Myers.en.txt,Sabbath-Law,15670,1 Revelation 12:17 the title of the 2 Revelation 12:17 the title of the 3 Revelation 12:17 the title of the message Revelation 12:7 the Bible says 4 message Revelation 12:7 the Bible says 5 message Revelation 12:7 the Bible says here and the 6 here and the 7 here
cleaned_Does Prayer REALLY Work？ ｜ Ivor Myers.en.txt,Sermons-General,28058,1 how many of you have often prayed that 2 how many of you have often prayed that 3 how many of you have often prayed that prayer Lord forgive me for my failures 4 prayer Lord forgive me for my failures 5 prayer Lord forgive me for my failures
cleaned_Don't Make Bricks WIthout Straw. Gather Stones (United Prayer in 2019) ｜ Pastor Ivor Myers.en.txt,Sermons-General,20447,1 the Harvest is 2 3 ripe what a powerful 4 ripe what a powerful 5 ripe what a powerful message uh what a what an Urgent Message 6 message uh what a what an Urgent Message 7 message uh what a what an Urgent Message for us today 8
cleaned_Don’t Miss This! Join us for Sabbath Service!.en.txt,Marriage-Family,121004,"1 Heat. Hey, heat. Hey, heat. 2 3 >> [music] 4 5 [music] 6 7 >> Heat. Heat. 8 9 Welcome Living Mana Church family. It's 10 Welcome Living Mana Church family. It's 11 Welcome Living Mana Church family. It's so good to see you here today on the 12"
cleaned_Don’t Miss This! Join us for Sabbath Service!.en.txt,Health-Wellness,121004,"1 Heat. Hey, heat. Hey, heat. 2 3 >> [music] 4 5 [music] 6 7 >> Heat. Heat. 8 9 Welcome Living Mana Church family. It's 10 Welcome Living Mana Church family. It's 11 Welcome Living Mana Church family. It's so good to see you here today on the 12"
cleaned_Don’t Miss This! Join us for Sabbath Service!.en.txt,Sabbath-Law,121004,"1 Heat. Hey, heat. Hey, heat. 2 3 >> [music] 4 5 [music] 6 7 >> Heat. Heat. 8 9 Welcome Living Mana Church family. It's 10 Welcome Living Mana Church family. It's 11 Welcome Living Mana Church family. It's so good to see you here today on the 12"
cleaned_Ellen White and Her YouTube Hypo-Critics.en.txt,Apologetics-Defense,50911,"1 [Music] 2 3 [Music] 4 5 Good evening everyone. Good evening. Um, 6 Good evening everyone. Good evening. Um, 7 Good evening everyone. Good evening. Um, you all go ahead and 8 you all go ahead and 9 you all go ahead and let me know if you could"
cleaned_Empty Tomb (The Testimony of Jesus) ｜ Pastor Ivor Myers.en.txt,Prophecy-Daniel-Revelation,23619,1 amen the title of the message today is 2 amen the title of the message today is 3 amen the title of the message today is the empty tomb the empty tomb Revelation 4 the empty tomb the empty tomb Revelation 5 the empty tomb the empty tomb Revelation
cleaned_Esther's Secret： How God Reverses Judgement & Delivers His People!.en.txt,Prophecy-Daniel-Revelation,3307,1 Azurus opens the 2 Azurus opens the 3 Azurus opens the books and reviews the deeds of the 4 5 righteous. And it is that review of the 6 righteous. And it is that review of the 7 righteous. And it is that review of the deeds of the
cleaned_Esther's Secret： How God Reverses Judgement & Delivers His People!.en.txt,Sanctuary-Judgment-1844,3307,1 Azurus opens the 2 Azurus opens the 3 Azurus opens the books and reviews the deeds of the 4 5 righteous. And it is that review of the 6 righteous. And it is that review of the 7 righteous. And it is that review of the deeds of the
cleaned_Esther's Secret： How God Reverses Judgement & Delivers His People!.en.txt,Phototheology-Principles,3307,1 Azurus opens the 2 Azurus opens the 3 Azurus opens the books and reviews the deeds of the 4 5 righteous. And it is that review of the 6 righteous. And it is that review of the 7 righteous. And it is that review of the deeds of the
cleaned_Eulogy for Sean Myers.en.txt,Mental-Health-Soul-Care,16127,1 a few months ago 2 a few months ago 3 a few months ago um I did a 4 um I did a 5 um I did a funeral and 6 7 uh I just kept thinking in my mind 8 uh I just kept thinking in my mind
cleaned_Evangelism： What's God's Favorite Tract？ ｜ Pastor Ivor Myers.en.txt,Sermons-General,17762,1 um today I'm going to speak to you about 2 um today I'm going to speak to you about 3 um today I'm going to speak to you about something that I hope will catch your 4 5 interest because the title of the sermon 6 interest because the
cleaned_Excerpt From Heaven's Diary Part II.en.txt,Prophecy-Daniel-Revelation,3379,1 the time of trouble such as never was 2 the time of trouble such as never was 3 the time of trouble such as never was Came Upon the world as an overwhelming 4 Came Upon the world as an overwhelming 5 Came Upon the world as an overwhelming
cleaned_Excerpt From Heaven's Diary Part II.en.txt,Three-Angels-Messages,3379,1 the time of trouble such as never was 2 the time of trouble such as never was 3 the time of trouble such as never was Came Upon the world as an overwhelming 4 Came Upon the world as an overwhelming 5 Came Upon the world as an overwhelming
cleaned_Exposed： A Dark Truth Revealed about the Charlie Kirk Assassination!.en.txt,Prophecy-Daniel-Revelation,36605,1 Amen. And happy Sabbath everyone. Um I 2 Amen. And happy Sabbath everyone. Um I 3 Amen. And happy Sabbath everyone. Um I want to welcome you to Living Mana 4 want to welcome you to Living Mana 5 want to welcome you to Living Mana Online Church. We
cleaned_Exposed： A Dark Truth Revealed about the Charlie Kirk Assassination!.en.txt,Current-Events-Commentary,36605,1 Amen. And happy Sabbath everyone. Um I 2 Amen. And happy Sabbath everyone. Um I 3 Amen. And happy Sabbath everyone. Um I want to welcome you to Living Mana 4 want to welcome you to Living Mana 5 want to welcome you to Living Mana Online Church. We
cleaned_Exposed： A Dark Truth Revealed about the Charlie Kirk Assassination!.en.txt,Sabbath-Law,36605,1 Amen. And happy Sabbath everyone. Um I 2 Amen. And happy Sabbath everyone. Um I 3 Amen. And happy Sabbath everyone. Um I want to welcome you to Living Mana 4 want to welcome you to Living Mana 5 want to welcome you to Living Mana Online Church. We
cleaned_Exposed： Dark Truth Behind Charlie Kirk Incident!.en.txt,Marriage-Family,104423,"1 [Music] 2 [Music] 3 [Music] Hey, hey, hey. 4 Hey, hey, hey. 5 Hey, hey, hey. [Music] 6 7 [Music] 8 9 [Music] 10 11 [Music] 12 13 [Music] 14 15 [Music] 16 17 [Music] 18 19 [Music] 20 21 [Music] 22 23 [Music] 24 25 [Music] 26 27"
cleaned_Exposed： Dark Truth Behind Charlie Kirk Incident!.en.txt,Current-Events-Commentary,104423,"1 [Music] 2 [Music] 3 [Music] Hey, hey, hey. 4 Hey, hey, hey. 5 Hey, hey, hey. [Music] 6 7 [Music] 8 9 [Music] 10 11 [Music] 12 13 [Music] 14 15 [Music] 16 17 [Music] 18 19 [Music] 20 21 [Music] 22 23 [Music] 24 25 [Music] 26 27"
cleaned_Exposed： Dark Truth Behind Charlie Kirk Incident!.en.txt,Sabbath-Law,104423,"1 [Music] 2 [Music] 3 [Music] Hey, hey, hey. 4 Hey, hey, hey. 5 Hey, hey, hey. [Music] 6 7 [Music] 8 9 [Music] 10 11 [Music] 12 13 [Music] 14 15 [Music] 16 17 [Music] 18 19 [Music] 20 21 [Music] 22 23 [Music] 24 25 [Music] 26 27"
cleaned_Fact 6-7 from the Perry's Podcast： SDA's Have Their Own Bible？ Ellen White Infallible？.en.txt,Apologetics-Defense,4539,1 you guys this thing has been brewing in 2 you guys this thing has been brewing in 3 you guys this thing has been brewing in my soul since the first day I was 4 my soul since the first day I was 5 my soul since the first
cleaned_Fact 6-7 from the Perry's Podcast： SDA's Have Their Own Bible？ Ellen White Infallible？.en.txt,Mental-Health-Soul-Care,4539,1 you guys this thing has been brewing in 2 you guys this thing has been brewing in 3 you guys this thing has been brewing in my soul since the first day I was 4 my soul since the first day I was 5 my soul since the first
cleaned_Foods that Fight Cancer.en.txt,Health-Wellness,43350,"1 Hello friends. Welcome back to True 2 Hello friends. Welcome back to True 3 Hello friends. Welcome back to True Health 4 Health 5 Health Tuesdays. I am still new at this, so I'm 6 Tuesdays. I am still new at this, so I'm 7 Tuesdays. I am still"
cleaned_Freestyle Wednesday Returns.en.txt,Phototheology-Principles,23259,1 e e 2 3 all right uh greetings 4 all right uh greetings 5 all right uh greetings everyone uh welcome 6 everyone uh welcome 7 everyone uh welcome to 8 to 9 to Freestyle 10 Freestyle 11 Freestyle Wednesday um y'all go ahead and put a 12 Wednesday
cleaned_Freestyle Wednesday Returns.en.txt,Marriage-Family,23259,1 e e 2 3 all right uh greetings 4 all right uh greetings 5 all right uh greetings everyone uh welcome 6 everyone uh welcome 7 everyone uh welcome to 8 to 9 to Freestyle 10 Freestyle 11 Freestyle Wednesday um y'all go ahead and put a 12 Wednesday
cleaned_Freestyle Wednesday Returns.en.txt,Health-Wellness,23259,1 e e 2 3 all right uh greetings 4 all right uh greetings 5 all right uh greetings everyone uh welcome 6 everyone uh welcome 7 everyone uh welcome to 8 to 9 to Freestyle 10 Freestyle 11 Freestyle Wednesday um y'all go ahead and put a 12 Wednesday
cleaned_Freestyle Wednesday Returns.en.txt,Sabbath-Law,23259,1 e e 2 3 all right uh greetings 4 all right uh greetings 5 all right uh greetings everyone uh welcome 6 everyone uh welcome 7 everyone uh welcome to 8 to 9 to Freestyle 10 Freestyle 11 Freestyle Wednesday um y'all go ahead and put a 12 Wednesday
cleaned_Freestyle Wednesday.en.txt,Phototheology-Principles,22885,"1 Everybody, uh, good evening everyone. 2 Everybody, uh, good evening everyone. 3 Everybody, uh, good evening everyone. Um, let me know if you can hear me. Put 4 Um, let me know if you can hear me. Put 5 Um, let me know if you can hear me. Put"
cleaned_Full length memorial service for Sean Myers.en.txt,Mental-Health-Soul-Care,61517,1 [Music] 2 3 good morning family and 4 5 friends on behalf of the family I'd like 6 friends on behalf of the family I'd like 7 friends on behalf of the family I'd like to welcome you here to the celebration 8 to welcome you here to the
cleaned_Full length memorial service for Sean Myers.en.txt,Marriage-Family,61517,1 [Music] 2 3 good morning family and 4 5 friends on behalf of the family I'd like 6 friends on behalf of the family I'd like 7 friends on behalf of the family I'd like to welcome you here to the celebration 8 to welcome you here to the
cleaned_G.P.S. The Gospel Plan of Salvation ｜ Pastor Ivor Myers.en.txt,Sabbath-Law,47989,1 [Music] 2 3 [Music] 4 5 okay happy Sabbath 6 okay happy Sabbath 7 okay happy Sabbath everyone how are you doing so far have 8 everyone how are you doing so far have 9 everyone how are you doing so far have you been 10 you been 11
cleaned_God's Judgement is in Your Favor ｜ Pastor Ivor Myers.en.txt,Prophecy-Daniel-Revelation,7547,1 i want you to check this out right this 2 i want you to check this out right this 3 i want you to check this out right this is the entire old testament 4 is the entire old testament 5 is the entire old testament we are juicing
cleaned_God's Judgement is in Your Favor ｜ Pastor Ivor Myers.en.txt,Sanctuary-Judgment-1844,7547,1 i want you to check this out right this 2 i want you to check this out right this 3 i want you to check this out right this is the entire old testament 4 is the entire old testament 5 is the entire old testament we are juicing
cleaned_God's Judgement is in Your Favor ｜ Pastor Ivor Myers.en.txt,Three-Angels-Messages,7547,1 i want you to check this out right this 2 i want you to check this out right this 3 i want you to check this out right this is the entire old testament 4 is the entire old testament 5 is the entire old testament we are juicing
cleaned_God's Math ID's His Final Movement & Prophet.en.txt,Prophecy-Daniel-Revelation,2110,1 number six is the 2300 2 number six is the 2300 3 number six is the 2300 day prophecy and it brings us right back 4 day prophecy and it brings us right back 5 day prophecy and it brings us right back to daniel 8 13 6 to
cleaned_God's Math ID's His Final Movement & Prophet.en.txt,Sanctuary-Judgment-1844,2110,1 number six is the 2300 2 number six is the 2300 3 number six is the 2300 day prophecy and it brings us right back 4 day prophecy and it brings us right back 5 day prophecy and it brings us right back to daniel 8 13 6 to
cleaned_Going Through Hell (Staying Positive) ｜ Pastor Ivor Myers.en.txt,Sermons-General,19159,1 how many of you have ever been through a 2 how many of you have ever been through a 3 how many of you have ever been through a tough situation in your life and you 4 tough situation in your life and you 5 tough situation in your
cleaned_Gospel Powers You to Light up the World ｜ Pastor Ivor Myers.en.txt,Prophecy-Daniel-Revelation,915,1 and Christ is the light of the world 2 and Christ is the light of the world 3 and Christ is the light of the world if salvation is in if you understand 4 if salvation is in if you understand 5 if salvation is in if you understand
cleaned_Guilty of Collusion？ The evidence of in!.en.txt,Apologetics-Defense,654,1 do you realize that that word anointed 2 do you realize that that word anointed 3 do you realize that that word anointed means Messiah Cyrus was not the Messiah 4 means Messiah Cyrus was not the Messiah 5 means Messiah Cyrus was not the Messiah he was he
cleaned_House Fire ｜ Pastor Ivor Myers.en.txt,Sermons-General,32698,1 let's have a word of Prayer 2 let's have a word of Prayer 3 let's have a word of Prayer Heavenly Father lord please whatever 4 5 whatever trials challenges we have had 6 whatever trials challenges we have had 7 whatever trials challenges we have had during the
cleaned_How Could My 2 Little Girls Do this to Me？!!!.en.txt,Sermons-General,2813,1 and outside this office there were steps 2 and outside this office there were steps 3 and outside this office there were steps that actually led up to the second floor 4 that actually led up to the second floor 5 that actually led up to the second floor
cleaned_How Not To Get Caught Up in False Doctrine!.en.txt,Marriage-Family,87347,1 Welcome Living Mana Church family. Thank 2 Welcome Living Mana Church family. Thank 3 Welcome Living Mana Church family. Thank you to the faithful that stuck with us. 4 you to the faithful that stuck with us. 5 you to the faithful that stuck with us. We apologize for
cleaned_How Not To Get Caught Up in False Doctrine!.en.txt,Sabbath-Law,87347,1 Welcome Living Mana Church family. Thank 2 Welcome Living Mana Church family. Thank 3 Welcome Living Mana Church family. Thank you to the faithful that stuck with us. 4 you to the faithful that stuck with us. 5 you to the faithful that stuck with us. We apologize for
cleaned_How To Change Your Mind ｜ Pastor Ivor Myers.en.txt,Mental-Health-Soul-Care,18855,1 We are going to be 2 We are going to be 3 We are going to be looking into the word this morning. 4 looking into the word this morning. 5 looking into the word this morning. I know that it is 2020. How many of you 6 I
cleaned_How the Brain Changes Itself S3： Ep. 6.en.txt,Mental-Health-Soul-Care,29168,1 [Music] 2 3 welcome to mental health Monday it's 4 welcome to mental health Monday it's 5 welcome to mental health Monday it's been a while but we are so happy to be 6 been a while but we are so happy to be 7 been a while but
cleaned_How the Brain Changes Itself S3： Ep. 6.en.txt,Health-Wellness,29168,1 [Music] 2 3 welcome to mental health Monday it's 4 welcome to mental health Monday it's 5 welcome to mental health Monday it's been a while but we are so happy to be 6 been a while but we are so happy to be 7 been a while but
cleaned_How the Brain Changes Itself S3： Ep. 6.en.txt,Sabbath-Law,29168,1 [Music] 2 3 welcome to mental health Monday it's 4 welcome to mental health Monday it's 5 welcome to mental health Monday it's been a while but we are so happy to be 6 been a while but we are so happy to be 7 been a while but
cleaned_How to Deal with Negative  Emotions before they Turn Violent.en.txt,Mental-Health-Soul-Care,32363,"1 Welcome to Mental Health Monday. We am 2 Welcome to Mental Health Monday. We am 3 Welcome to Mental Health Monday. We am sorry for no intro. It's just us, so we 4 sorry for no intro. It's just us, so we 5 sorry for no intro. It's just"
cleaned_How to Deal with Negative  Emotions before they Turn Violent.en.txt,Health-Wellness,32363,"1 Welcome to Mental Health Monday. We am 2 Welcome to Mental Health Monday. We am 3 Welcome to Mental Health Monday. We am sorry for no intro. It's just us, so we 4 sorry for no intro. It's just us, so we 5 sorry for no intro. It's just"
cleaned_How to Find God's Will (He Meets You Where You Are) ｜ Pastor Ivor Myers.en.txt,Three-Angels-Messages,7008,1 so what would you say to young people 2 so what would you say to young people 3 so what would you say to young people who feel as though they can listen to 4 who feel as though they can listen to 5 who feel as though they
cleaned_How to Know You Have The Spirit (#1 Sign) ｜ Pastor Ivor Myers.en.txt,Sermons-General,2681,1 how many of you would like to be wealthy 2 3 how many of you would like to be rich 4 how many of you would like to be rich 5 how many of you would like to be rich the Bible says remember we read it 6 the
cleaned_How to Live a Christ Centered Life (Empathy and NEURONS) ｜ Pastor Ivor Myers.en.txt,Mental-Health-Soul-Care,22056,1 this morning Heavenly Father please 2 this morning Heavenly Father please 3 this morning Heavenly Father please bless us as we open your word Lord 4 bless us as we open your word Lord 5 bless us as we open your word Lord coming to all hearts come into
cleaned_How to Live a Christ Centered Life (Empathy and NEURONS) ｜ Pastor Ivor Myers.en.txt,Current-Events-Commentary,22056,1 this morning Heavenly Father please 2 this morning Heavenly Father please 3 this morning Heavenly Father please bless us as we open your word Lord 4 bless us as we open your word Lord 5 bless us as we open your word Lord coming to all hearts come into
cleaned_How to Reflect God’s Image ｜ Pastor Ivor Myers.en.txt,Prophecy-Daniel-Revelation,15981,1 please Nebuchadnezzar has a dream and in 2 please Nebuchadnezzar has a dream and in 3 please Nebuchadnezzar has a dream and in the stream he forgets what he sees and 4 the stream he forgets what he sees and 5 the stream he forgets what he sees and
cleaned_How to Study the Bible (Memory's Hall) ｜ Pastor Ivor Myers.en.txt,Bible-Study-Methods,3892,1 let me let me start this way so I have a 2 let me let me start this way so I have a 3 let me let me start this way so I have a Ministry another Ministry called Army 4 Ministry another Ministry called Army 5 Ministry another
cleaned_How to Study the Bible Jesus-esis Over Eisegesis ｜ Pastor Ivor Myers.en.txt,Prophecy-Daniel-Revelation,4598,1 yeah with the parable the parables Jesus 2 yeah with the parable the parables Jesus 3 yeah with the parable the parables Jesus favorite method of teaching was through 4 favorite method of teaching was through 5 favorite method of teaching was through object lessons mm-hmm and that's one
cleaned_How to Study the Bible Jesus-esis Over Eisegesis ｜ Pastor Ivor Myers.en.txt,Bible-Study-Methods,4598,1 yeah with the parable the parables Jesus 2 yeah with the parable the parables Jesus 3 yeah with the parable the parables Jesus favorite method of teaching was through 4 favorite method of teaching was through 5 favorite method of teaching was through object lessons mm-hmm and that's one
cleaned_How to Study the Bible Jesus-esis Over Eisegesis ｜ Pastor Ivor Myers.en.txt,Mental-Health-Soul-Care,4598,1 yeah with the parable the parables Jesus 2 yeah with the parable the parables Jesus 3 yeah with the parable the parables Jesus favorite method of teaching was through 4 favorite method of teaching was through 5 favorite method of teaching was through object lessons mm-hmm and that's one
cleaned_How to Study the Bible： 5D Magnifies Old Light ｜ Pastor Ivor Myers.en.txt,Phototheology-Principles,5731,1 I was gonna say that's excellent like 2 I was gonna say that's excellent like 3 I was gonna say that's excellent like you know the members need to know how to 4 you know the members need to know how to 5 you know the members need to
cleaned_How to Study the Bible： 5D Magnifies Old Light ｜ Pastor Ivor Myers.en.txt,Bible-Study-Methods,5731,1 I was gonna say that's excellent like 2 I was gonna say that's excellent like 3 I was gonna say that's excellent like you know the members need to know how to 4 you know the members need to know how to 5 you know the members need to
cleaned_How to Study the Bible： Find Jesus in Old Testament [Political] Offices.en.txt,Bible-Study-Methods,13138,1 yes we are going to get into our first 2 yes we are going to get into our first 3 yes we are going to get into our first topic our first class and I just want to 4 topic our first class and I just want to 5
cleaned_How to Study the Bible： Picture Stories ｜ Pastor Ivor Myers.en.txt,Bible-Study-Methods,5039,1 hmm that is one of the principle and 2 hmm that is one of the principle and 3 hmm that is one of the principle and that's actually a major principle 4 that's actually a major principle 5 that's actually a major principle because the more you learn and
cleaned_How to Study the Bible： Picture Stories ｜ Pastor Ivor Myers.en.txt,Mental-Health-Soul-Care,5039,1 hmm that is one of the principle and 2 hmm that is one of the principle and 3 hmm that is one of the principle and that's actually a major principle 4 that's actually a major principle 5 that's actually a major principle because the more you learn and
cleaned_How to Study the Bible： Practice Pictures ｜ Pastor Ivor Myers.en.txt,Bible-Study-Methods,2562,1 which he which he willingly does I think 2 which he which he willingly does I think 3 which he which he willingly does I think one of the things that you said earlier 4 one of the things that you said earlier 5 one of the things that
cleaned_How to Study the Bible： Practice Pictures ｜ Pastor Ivor Myers.en.txt,Mental-Health-Soul-Care,2562,1 which he which he willingly does I think 2 which he which he willingly does I think 3 which he which he willingly does I think one of the things that you said earlier 4 one of the things that you said earlier 5 one of the things that
cleaned_How to Study the Bible： Sin Shall Not Have Dominion Over You ｜ Pastor Ivor Myers.en.txt,Bible-Study-Methods,6802,1 so in Genesis 1:26 in fact if you can 2 so in Genesis 1:26 in fact if you can 3 so in Genesis 1:26 in fact if you can can you go ahead and read it this is 4 can you go ahead and read it this is 5
cleaned_How to Study the Bible： Sin Shall Not Have Dominion Over You ｜ Pastor Ivor Myers.en.txt,Creation-Origins,6802,1 so in Genesis 1:26 in fact if you can 2 so in Genesis 1:26 in fact if you can 3 so in Genesis 1:26 in fact if you can can you go ahead and read it this is 4 can you go ahead and read it this is 5
cleaned_How to Study the Bible： Your Daily Bread ｜ Pastor Ivor Myers.en.txt,Bible-Study-Methods,4339,1 so how do you prepare your sermons you 2 so how do you prepare your sermons you 3 so how do you prepare your sermons you mean this is amazing how do you prepare 4 mean this is amazing how do you prepare 5 mean this is amazing how
cleaned_How to study the Bible using mental pictures #6.en.txt,Bible-Study-Methods,7256,1 [Music] 2 3 welcome to photo theology the podcast 4 welcome to photo theology the podcast 5 welcome to photo theology the podcast where you learn how to see the Bible 6 where you learn how to see the Bible 7 where you learn how to see the Bible
"cleaned_Humble Yourself： Beg, Better (Fervent Prayer) ｜ Pastor Ivor Myers.en.txt",Sermons-General,16148,1 so my message this morning is is 2 so my message this morning is is 3 so my message this morning is is entitled better beggars better beggars 4 entitled better beggars better beggars 5 entitled better beggars better beggars and we're gonna be taking a look at the
cleaned_Hydrotherapy's Role in Immune Response to Viral Infections.en.txt,Health-Wellness,13743,1 we're going to talk about your immune 2 we're going to talk about your immune 3 we're going to talk about your immune system and how it can be enhanced to 4 system and how it can be enhanced to 5 system and how it can be enhanced to
cleaned_I Got A Question - Episode 2.en.txt,Sermons-General,2557,1 [Music] 2 3 [Music] 4 5 hey guys pastor myers here welcome to 6 hey guys pastor myers here welcome to 7 hey guys pastor myers here welcome to our second episode of i got a question 8 our second episode of i got a question 9 our second
cleaned_INDEX.txt,Prophecy-Daniel-Revelation,2600,"01 Overview of Revelation SPANISH SUB.en.txt 1 Math Problem Reveals This Popular Doctrinal Error.en.txt 10 Days to Better Health!.en.txt 11,000 Subscribers! Thank you!.en.txt 1844 Part 2 New Link.en.txt 20240216 - Justification By Faith and the Doctrine of Eternal Torment.en.txt 20240221 - How Environmental Toxins Silently Fuel Chronic Diseases.en.txt 20240226 -"
cleaned_INDEX.txt,Sanctuary-Judgment-1844,2600,"01 Overview of Revelation SPANISH SUB.en.txt 1 Math Problem Reveals This Popular Doctrinal Error.en.txt 10 Days to Better Health!.en.txt 11,000 Subscribers! Thank you!.en.txt 1844 Part 2 New Link.en.txt 20240216 - Justification By Faith and the Doctrine of Eternal Torment.en.txt 20240221 - How Environmental Toxins Silently Fuel Chronic Diseases.en.txt 20240226 -"
cleaned_INDEX.txt,Phototheology-Principles,2600,"01 Overview of Revelation SPANISH SUB.en.txt 1 Math Problem Reveals This Popular Doctrinal Error.en.txt 10 Days to Better Health!.en.txt 11,000 Subscribers! Thank you!.en.txt 1844 Part 2 New Link.en.txt 20240216 - Justification By Faith and the Doctrine of Eternal Torment.en.txt 20240221 - How Environmental Toxins Silently Fuel Chronic Diseases.en.txt 20240226 -"
cleaned_INDEX.txt,Apologetics-Defense,2600,"01 Overview of Revelation SPANISH SUB.en.txt 1 Math Problem Reveals This Popular Doctrinal Error.en.txt 10 Days to Better Health!.en.txt 11,000 Subscribers! Thank you!.en.txt 1844 Part 2 New Link.en.txt 20240216 - Justification By Faith and the Doctrine of Eternal Torment.en.txt 20240221 - How Environmental Toxins Silently Fuel Chronic Diseases.en.txt 20240226 -"
cleaned_INDEX.txt,Bible-Study-Methods,2600,"01 Overview of Revelation SPANISH SUB.en.txt 1 Math Problem Reveals This Popular Doctrinal Error.en.txt 10 Days to Better Health!.en.txt 11,000 Subscribers! Thank you!.en.txt 1844 Part 2 New Link.en.txt 20240216 - Justification By Faith and the Doctrine of Eternal Torment.en.txt 20240221 - How Environmental Toxins Silently Fuel Chronic Diseases.en.txt 20240226 -"
cleaned_INDEX.txt,Health-Wellness,2600,"01 Overview of Revelation SPANISH SUB.en.txt 1 Math Problem Reveals This Popular Doctrinal Error.en.txt 10 Days to Better Health!.en.txt 11,000 Subscribers! Thank you!.en.txt 1844 Part 2 New Link.en.txt 20240216 - Justification By Faith and the Doctrine of Eternal Torment.en.txt 20240221 - How Environmental Toxins Silently Fuel Chronic Diseases.en.txt 20240226 -"
cleaned_INDEX.txt,Current-Events-Commentary,2600,"01 Overview of Revelation SPANISH SUB.en.txt 1 Math Problem Reveals This Popular Doctrinal Error.en.txt 10 Days to Better Health!.en.txt 11,000 Subscribers! Thank you!.en.txt 1844 Part 2 New Link.en.txt 20240216 - Justification By Faith and the Doctrine of Eternal Torment.en.txt 20240221 - How Environmental Toxins Silently Fuel Chronic Diseases.en.txt 20240226 -"
cleaned_INDEX.txt,Sabbath-Law,2600,"01 Overview of Revelation SPANISH SUB.en.txt 1 Math Problem Reveals This Popular Doctrinal Error.en.txt 10 Days to Better Health!.en.txt 11,000 Subscribers! Thank you!.en.txt 1844 Part 2 New Link.en.txt 20240216 - Justification By Faith and the Doctrine of Eternal Torment.en.txt 20240221 - How Environmental Toxins Silently Fuel Chronic Diseases.en.txt 20240226 -"
cleaned_Immigration Laws and the Bible⧸The King of the North & The King of the South.en.txt,Marriage-Family,136760,"1 and dry driving. I'm familiar with 2 and dry driving. I'm familiar with 3 and dry driving. I'm familiar with Cleveland, but yeah, I'm not sure 4 Cleveland, but yeah, I'm not sure 5 Cleveland, but yeah, I'm not sure exactly where that is. 6 exactly where that is."
cleaned_Immigration Laws and the Bible⧸The King of the North & The King of the South.en.txt,Sabbath-Law,136760,"1 and dry driving. I'm familiar with 2 and dry driving. I'm familiar with 3 and dry driving. I'm familiar with Cleveland, but yeah, I'm not sure 4 Cleveland, but yeah, I'm not sure 5 Cleveland, but yeah, I'm not sure exactly where that is. 6 exactly where that is."
"cleaned_Investing, and How to Avoid Bankruptcy in the Last Days.en.txt",Sabbath-Law,22090,1 no man anything but to love one 2 no man anything but to love one 3 no man anything but to love one another for he that loveth another hath 4 another for he that loveth another hath 5 another for he that loveth another hath fulfilled the 6
cleaned_Is Aretha Franklin in Heaven？ The Truth About Life After Death.en.txt,Marriage-Family,6555,1 [Music] 2 3 okay guys 4 okay guys 5 okay guys ivor myers here former member of the 6 ivor myers here former member of the 7 ivor myers here former member of the hip-hop group 8 hip-hop group 9 hip-hop group known as the boogie monsters now turned
cleaned_Is Aretha Franklin in Heaven？ The Truth About Life After Death.en.txt,Current-Events-Commentary,6555,1 [Music] 2 3 okay guys 4 okay guys 5 okay guys ivor myers here former member of the 6 ivor myers here former member of the 7 ivor myers here former member of the hip-hop group 8 hip-hop group 9 hip-hop group known as the boogie monsters now turned
cleaned_Is Sugar a Poison？.en.txt,Health-Wellness,1360,1 Hello friends and there true health to 2 Hello friends and there true health to 3 Hello friends and there true health to with you 4 with you 5 with you uh my name is 6 uh my name is 7 uh my name is and um 8 and
cleaned_Is Tough Love A Good or Bad Thing？.en.txt,Sermons-General,19317,1 I want to talk to you about a title that 2 I want to talk to you about a title that 3 I want to talk to you about a title that uh you may not like too well once you 4 uh you may not like too well
cleaned_Is the Scapegoat an Innocent Victim？ Answering a critic....en.txt,Apologetics-Defense,7493,1 [Music] 2 [Music] 3 [Music] hey guys what's up Pastor Meers here and 4 hey guys what's up Pastor Meers here and 5 hey guys what's up Pastor Meers here and uh I'm just dropping a quick video this 6 uh I'm just dropping a quick video this 7
cleaned_Issues with the S.O.P？.en.txt,Marriage-Family,30957,"1 Greetings church family. Um, welcome to 2 Greetings church family. Um, welcome to 3 Greetings church family. Um, welcome to Living Mana Online 4 Living Mana Online 5 Living Mana Online Church. Uh, I'm glad that you are 6 Church. Uh, I'm glad that you are 7 Church. Uh,"
cleaned_Ivor Myers 'The Blueprint  Earth's Final Movie' ASI 2011.en.txt,Current-Events-Commentary,19343,1 happy sabbath everyone how many of you 2 happy sabbath everyone how many of you 3 happy sabbath everyone how many of you excited to be here tonight pray with me 4 excited to be here tonight pray with me 5 excited to be here tonight pray with me
cleaned_Ivor Myers 'The Blueprint  Earth's Final Movie' ASI 2011.en.txt,Sabbath-Law,19343,1 happy sabbath everyone how many of you 2 happy sabbath everyone how many of you 3 happy sabbath everyone how many of you excited to be here tonight pray with me 4 excited to be here tonight pray with me 5 excited to be here tonight pray with me
cleaned_Jesus Doesn't Do Miracles Anymore？？ ｜ Pastor Ivor Myers.en.txt,Sermons-General,19384,1 the man who had his ears severed 2 the man who had his ears severed 3 the man who had his ears severed remember that whose seventies year Peter 4 remember that whose seventies year Peter 5 remember that whose seventies year Peter man of God 6 man of
"cleaned_Jesus Gives Thanks in Advance, Do You？ ｜ Pastor Ivor Myers.en.txt",Marriage-Family,15537,1 I know that's not catchy at all but 2 I know that's not catchy at all but 3 I know that's not catchy at all but hopefully you'll remember that 4 hopefully you'll remember that 5 hopefully you'll remember that title uh by the time we finished the 6
"cleaned_Jesus Gives Thanks in Advance, Do You？ ｜ Pastor Ivor Myers.en.txt",Current-Events-Commentary,15537,1 I know that's not catchy at all but 2 I know that's not catchy at all but 3 I know that's not catchy at all but hopefully you'll remember that 4 hopefully you'll remember that 5 hopefully you'll remember that title uh by the time we finished the 6
cleaned_Jesus in All the Bible ｜ Pastor Ivor Myers.en.txt,Prophecy-Daniel-Revelation,2165,1 so I'm going to close with a composite 2 so I'm going to close with a composite 3 so I'm going to close with a composite sketch of Jesus I need you to listen 4 sketch of Jesus I need you to listen 5 sketch of Jesus I need
cleaned_Jesus is The Story of The Bible.en.txt,Sermons-General,4365,1 and these are the four decrees in fact 2 and these are the four decrees in fact 3 and these are the four decrees in fact Nehemiah when he got to Jerusalem said 4 Nehemiah when he got to Jerusalem said 5 Nehemiah when he got to Jerusalem said
cleaned_Jesus' Second Coming (What Happens When Michael Stands Up) ｜ Pastor Ivor Myers.en.txt,Prophecy-Daniel-Revelation,21241,"1 Okay, let's pray and let's get into the 2 Okay, let's pray and let's get into the 3 Okay, let's pray and let's get into the word. Heavenly Father, 4 word. Heavenly Father, 5 word. Heavenly Father, I want to ask your blessing upon your 6 I want to"
cleaned_Join Pastor Ivor Myers for Sabbath Service!.en.txt,Marriage-Family,106210,1 [music] 2 3 [music] 4 5 [music] 6 7 Heat. Heat. 8 9 [music] 10 11 [music] 12 13 Heat. Heat. 14 15 [music] 16 17 [music] 18 [music] 19 [music] Heat. Heat. 20 21 [music] 22 23 [music] 24 25 Heat. Heat. 26 27 [music] 28 29 [music]
cleaned_Join Pastor Ivor Myers for Sabbath Service!.en.txt,Sabbath-Law,106210,1 [music] 2 3 [music] 4 5 [music] 6 7 Heat. Heat. 8 9 [music] 10 11 [music] 12 13 Heat. Heat. 14 15 [music] 16 17 [music] 18 [music] 19 [music] Heat. Heat. 20 21 [music] 22 23 [music] 24 25 Heat. Heat. 26 27 [music] 28 29 [music]
cleaned_Join Us for Sabbath Service!.en.txt,Sabbath-Law,51328,"1 Heat. Heat. 2 3 Heat. 4 5 Heat. 6 7 Heat. Heat. 8 9 [music] 10 11 >> [music] 12 13 >> Heat. Heat. 14 >> Heat. Heat. 15 >> Heat. Heat. [music] 16 17 >> [music] 18 19 [music] 20 21 >> Hey, 22 23 hey, hey. 24"
"cleaned_Jonah Sent to Nineveh, Christ to the Grave (for You) ｜ Pastor Ivor Myers.en.txt",Sermons-General,5916,1 so let's go to this story I want you to 2 so let's go to this story I want you to 3 so let's go to this story I want you to turn with me to the Book of Jonah and 4 turn with me to the Book of
cleaned_Juiced Version： The Hidden Agenda Behind Racism.en.txt,Current-Events-Commentary,3323,1 i want to thank you all for coming out 2 i want to thank you all for coming out 3 i want to thank you all for coming out uh and supporting this event 4 uh and supporting this event 5 uh and supporting this event uh this is
cleaned_Justification By Faith and the Cleansing of the Sanctuary.en.txt,Prophecy-Daniel-Revelation,33804,1 hey guys uh check out this message 2 hey guys uh check out this message 3 hey guys uh check out this message called justification by faith and the 4 called justification by faith and the 5 called justification by faith and the cleansing of the sanctuary it is
cleaned_Justification By Faith and the Cleansing of the Sanctuary.en.txt,Sanctuary-Judgment-1844,33804,1 hey guys uh check out this message 2 hey guys uh check out this message 3 hey guys uh check out this message called justification by faith and the 4 called justification by faith and the 5 called justification by faith and the cleansing of the sanctuary it is
cleaned_Justification By Faith and the Cleansing of the Sanctuary.en.txt,Three-Angels-Messages,33804,1 hey guys uh check out this message 2 hey guys uh check out this message 3 hey guys uh check out this message called justification by faith and the 4 called justification by faith and the 5 called justification by faith and the cleansing of the sanctuary it is
cleaned_Justification By Faith and the Doctrine of Eternal Torment.en.txt,Sermons-General,30348,1 hey guys Pastor Myers here I want to 2 hey guys Pastor Myers here I want to 3 hey guys Pastor Myers here I want to invite you to check out this message on 4 invite you to check out this message on 5 invite you to check out
cleaned_Keep His Law Work for Souls to Light Up the World ｜ Pastor Ivor Myers.en.txt,Apologetics-Defense,2340,1 proverbs chapter 6 verse 23 the Bible 2 proverbs chapter 6 verse 23 the Bible 3 proverbs chapter 6 verse 23 the Bible says for the commandment is they watts 4 says for the commandment is they watts 5 says for the commandment is they watts lamp and the
cleaned_Keep His Law Work for Souls to Light Up the World ｜ Pastor Ivor Myers.en.txt,Sabbath-Law,2340,1 proverbs chapter 6 verse 23 the Bible 2 proverbs chapter 6 verse 23 the Bible 3 proverbs chapter 6 verse 23 the Bible says for the commandment is they watts 4 says for the commandment is they watts 5 says for the commandment is they watts lamp and the
cleaned_Know Your Worth (& Value Others) ｜ Pastor Ivor Myers.en.txt,Sermons-General,1168,1 so the Bible speaks of this angel named 2 so the Bible speaks of this angel named 3 so the Bible speaks of this angel named Lucifer he was the brightest and most 4 Lucifer he was the brightest and most 5 Lucifer he was the brightest and most
"cleaned_LIVE Q &A! Real Talk!  No Limits, No Fluff..en.txt",Mental-Health-Soul-Care,31237,1 Welcome everyone to mental health 2 Welcome everyone to mental health 3 Welcome everyone to mental health Monday. We are so happy that you are 4 Monday. We are so happy that you are 5 Monday. We are so happy that you are here with us today again. We
"cleaned_LIVE Q &A! Real Talk!  No Limits, No Fluff..en.txt",Health-Wellness,31237,1 Welcome everyone to mental health 2 Welcome everyone to mental health 3 Welcome everyone to mental health Monday. We are so happy that you are 4 Monday. We are so happy that you are 5 Monday. We are so happy that you are here with us today again. We
"cleaned_LIVE Q &A! Real Talk!  No Limits, No Fluff..en.txt",Sabbath-Law,31237,1 Welcome everyone to mental health 2 Welcome everyone to mental health 3 Welcome everyone to mental health Monday. We are so happy that you are 4 Monday. We are so happy that you are 5 Monday. We are so happy that you are here with us today again. We
cleaned_LMOC Anger and the Sanctuary Solution Final.en.txt,Sanctuary-Judgment-1844,35011,1 [Music] 2 3 [Music] 4 5 [Music] 6 7 [Music] 8 9 [Music] 10 11 [Music] 12 13 [Music] 14 15 [Music] 16 [Music] 17 [Music] happy sabbath and welcome to living mana 18 happy sabbath and welcome to living mana 19 happy sabbath and welcome to living mana
cleaned_LMOC Anger and the Sanctuary Solution Final.en.txt,Sabbath-Law,35011,1 [Music] 2 3 [Music] 4 5 [Music] 6 7 [Music] 8 9 [Music] 10 11 [Music] 12 13 [Music] 14 15 [Music] 16 [Music] 17 [Music] happy sabbath and welcome to living mana 18 happy sabbath and welcome to living mana 19 happy sabbath and welcome to living mana
"cleaned_Left Jesus, Right Jesus #thejesuswemiss #jesus #explore.en.txt",Marriage-Family,129372,1 [Music] 2 3 Heat. 4 5 [Music] 6 7 [Music] 8 9 Heat. 10 Heat. 11 Heat. [Music] 12 [Music] 13 [Music] Heat. Heat. 14 Heat. Heat. 15 Heat. Heat. [Music] 16 17 [Music] 18 19 [Music] 20 [Music] 21 [Music] Heat. Heat. 22 Heat. Heat. 23 Heat. Heat.
"cleaned_Left Jesus, Right Jesus.en.txt",Current-Events-Commentary,35086,1 [Music] 2 3 Amen. Amen. Uh happy Sabbath everyone. 4 Amen. Amen. Uh happy Sabbath everyone. 5 Amen. Amen. Uh happy Sabbath everyone. Welcome to Living Manor online. Uh we 6 Welcome to Living Manor online. Uh we 7 Welcome to Living Manor online. Uh we have a um
"cleaned_Left Jesus, Right Jesus.en.txt",Sabbath-Law,35086,1 [Music] 2 3 Amen. Amen. Uh happy Sabbath everyone. 4 Amen. Amen. Uh happy Sabbath everyone. 5 Amen. Amen. Uh happy Sabbath everyone. Welcome to Living Manor online. Uh we 6 Welcome to Living Manor online. Uh we 7 Welcome to Living Manor online. Uh we have a um
"cleaned_Live with Restream, September 14.en.txt",Prophecy-Daniel-Revelation,3795,1 All right. Hello everyone. Uh 2 All right. Hello everyone. Uh 3 All right. Hello everyone. Uh this is Pastor Meyers 4 this is Pastor Meyers 5 this is Pastor Meyers coming to you live 6 coming to you live 7 coming to you live from 8 9 Atlanta.
cleaned_Living Manna Church LIVE! 08.30.25.en.txt,Sermons-General,124849,1 [Music] 2 3 [Music] 4 5 [Music] 6 7 Heat. Heat. 8 Heat. Heat. 9 Heat. Heat. [Music] 10 11 [Music] 12 13 [Music] 14 15 [Music] 16 [Music] 17 [Music] Heat. Heat. 18 19 [Music] 20 21 [Music] 22 23 Heat. Heat. 24 25 [Music] 26 27 [Music]
cleaned_Living Manna Church LIVE! New Link.en.txt,Marriage-Family,96962,"1 [Music] 2 3 Hey, hey, hey. 4 5 [Music] 6 7 [Music] 8 9 [Music] 10 11 Heat. 12 Heat. 13 Heat. [Music] 14 15 Heat. N. 16 17 Heat. Heat. 18 19 [Music] 20 21 [Music] 22 23 Welcome Living Mana Church family. So 24 Welcome Living Mana"
cleaned_Living Manna Church LIVE! New Link.en.txt,Sabbath-Law,96962,"1 [Music] 2 3 Hey, hey, hey. 4 5 [Music] 6 7 [Music] 8 9 [Music] 10 11 Heat. 12 Heat. 13 Heat. [Music] 14 15 Heat. N. 16 17 Heat. Heat. 18 19 [Music] 20 21 [Music] 22 23 Welcome Living Mana Church family. So 24 Welcome Living Mana"
cleaned_Living Manna Church LIVE! ＂NOW＂.en.txt,Three-Angels-Messages,121217,1 e 2 3 [Music] 4 5 [Music] 6 7 [Music] 8 9 [Music] 10 11 [Music] 12 13 [Music] 14 15 [Music] 16 17 [Music] 18 19 [Music] 20 21 [Music] 22 23 [Music] 24 25 [Music] 26 27 [Music] 28 29 [Music] 30 31 [Music] 32 33 [Music]
cleaned_Living Manna Church LIVE! ＂NOW＂.en.txt,Sabbath-Law,121217,1 e 2 3 [Music] 4 5 [Music] 6 7 [Music] 8 9 [Music] 10 11 [Music] 12 13 [Music] 14 15 [Music] 16 17 [Music] 18 19 [Music] 20 21 [Music] 22 23 [Music] 24 25 [Music] 26 27 [Music] 28 29 [Music] 30 31 [Music] 32 33 [Music]
cleaned_Living Manna Church LIVE!.en.txt,Marriage-Family,102463,1 e e 2 3 [Music] 4 [Music] 5 [Music] oh 6 7 [Music] 8 9 oh 10 oh 11 oh [Music] 12 13 [Music] 14 15 [Music] 16 17 [Music] 18 19 [Music] 20 21 [Music] 22 23 [Music] 24 25 [Music] 26 27 [Music] 28 29 [Music] 30
cleaned_Living Manna Church LIVE!.en.txt,Sabbath-Law,102463,1 e e 2 3 [Music] 4 [Music] 5 [Music] oh 6 7 [Music] 8 9 oh 10 oh 11 oh [Music] 12 13 [Music] 14 15 [Music] 16 17 [Music] 18 19 [Music] 20 21 [Music] 22 23 [Music] 24 25 [Music] 26 27 [Music] 28 29 [Music] 30
cleaned_Living Manna Church LIVE： The Power of Temperance.en.txt,Marriage-Family,126721,1 [Music] 2 3 [Music] 4 5 [Music] 6 7 [Music] 8 9 Heat. 10 Heat. 11 Heat. [Music] 12 [Music] 13 [Music] Heat. 14 15 [Music] 16 17 [Music] 18 19 Heat. Heat. 20 21 [Music] 22 23 [Music] 24 25 Heat. Heat. 26 Heat. Heat. 27 Heat. Heat.
cleaned_Living Manna Church LIVE： The Power of Temperance.en.txt,Sabbath-Law,126721,1 [Music] 2 3 [Music] 4 5 [Music] 6 7 [Music] 8 9 Heat. 10 Heat. 11 Heat. [Music] 12 [Music] 13 [Music] Heat. 14 15 [Music] 16 17 [Music] 18 19 Heat. Heat. 20 21 [Music] 22 23 [Music] 24 25 Heat. Heat. 26 Heat. Heat. 27 Heat. Heat.
cleaned_Lunar Sabbath？.en.txt,Sabbath-Law,5805,1 lunar sabbaths or weekly sabbaths that's 2 lunar sabbaths or weekly sabbaths that's 3 lunar sabbaths or weekly sabbaths that's what we're going to be tackling next 4 what we're going to be tackling next 5 what we're going to be tackling next stay tuned 6 7 [Music] 8
cleaned_MEN ARE SILENTLY STRUGGLING… Here’s Why.en.txt,Mental-Health-Soul-Care,31778,1 Welcome Mental Health Monday family. 2 Welcome Mental Health Monday family. 3 Welcome Mental Health Monday family. It's so good to have you all here with 4 It's so good to have you all here with 5 It's so good to have you all here with us this evening.
cleaned_MEN ARE SILENTLY STRUGGLING… Here’s Why.en.txt,Marriage-Family,31778,1 Welcome Mental Health Monday family. 2 Welcome Mental Health Monday family. 3 Welcome Mental Health Monday family. It's so good to have you all here with 4 It's so good to have you all here with 5 It's so good to have you all here with us this evening.
cleaned_MEN ARE SILENTLY STRUGGLING… Here’s Why.en.txt,Health-Wellness,31778,1 Welcome Mental Health Monday family. 2 Welcome Mental Health Monday family. 3 Welcome Mental Health Monday family. It's so good to have you all here with 4 It's so good to have you all here with 5 It's so good to have you all here with us this evening.
cleaned_Marriage and the Sanctuary Solution Part 3： Communication.en.txt,Sanctuary-Judgment-1844,38958,1 [Music] 2 [Music] 3 [Music] so 4 so 5 so [Music] 6 7 [Music] 8 [Music] 9 [Music] so 10 so 11 so [Music] 12 13 [Music] 14 15 so 16 17 [Music] 18 19 [Music] 20 21 [Music] 22 23 [Music] 24 25 [Music] 26 [Music] 27 welcome
cleaned_Marriage and the Sanctuary Solution Part 3： Communication.en.txt,Marriage-Family,38958,1 [Music] 2 [Music] 3 [Music] so 4 so 5 so [Music] 6 7 [Music] 8 [Music] 9 [Music] so 10 so 11 so [Music] 12 13 [Music] 14 15 so 16 17 [Music] 18 19 [Music] 20 21 [Music] 22 23 [Music] 24 25 [Music] 26 [Music] 27 welcome
cleaned_Marriage and the Sanctuary Solution Part 3： Communication.en.txt,Sabbath-Law,38958,1 [Music] 2 [Music] 3 [Music] so 4 so 5 so [Music] 6 7 [Music] 8 [Music] 9 [Music] so 10 so 11 so [Music] 12 13 [Music] 14 15 so 16 17 [Music] 18 19 [Music] 20 21 [Music] 22 23 [Music] 24 25 [Music] 26 [Music] 27 welcome
cleaned_Men Don’t Talk About This… But They Should..en.txt,Mental-Health-Soul-Care,35618,1 [music] 2 3 Heat. Heat. [music] 4 5 [music] 6 7 Welcome to Mental Health Monday. This is 8 Welcome to Mental Health Monday. This is 9 Welcome to Mental Health Monday. This is the first mental health Monday of 2026. 10 the first mental health Monday of 2026.
cleaned_Men Don’t Talk About This… But They Should..en.txt,Health-Wellness,35618,1 [music] 2 3 Heat. Heat. [music] 4 5 [music] 6 7 Welcome to Mental Health Monday. This is 8 Welcome to Mental Health Monday. This is 9 Welcome to Mental Health Monday. This is the first mental health Monday of 2026. 10 the first mental health Monday of 2026.
cleaned_Men's Mental Battle - It's Deeper Than You Know!.en.txt,Mental-Health-Soul-Care,31780,1 thing that is it's it's counting down 2 thing that is it's it's counting down 3 thing that is it's it's counting down and it's live. We're live. 4 and it's live. We're live. 5 and it's live. We're live. >> We're live. 6 >> We're live. 7 >>
cleaned_Men's Mental Battle - It's Deeper Than You Know!.en.txt,Health-Wellness,31780,1 thing that is it's it's counting down 2 thing that is it's it's counting down 3 thing that is it's it's counting down and it's live. We're live. 4 and it's live. We're live. 5 and it's live. We're live. >> We're live. 6 >> We're live. 7 >>
cleaned_Mount  Zion： Your Journey to Heaven.en.txt,Prophecy-Daniel-Revelation,18990,1 the elders and no man could learn that 2 the elders and no man could learn that 3 the elders and no man could learn that song but the hundred and forty and four 4 song but the hundred and forty and four 5 song but the hundred and
cleaned_Muhammad in Isaiah 42？ ｜ SHOCKINGLY SPECIFIC Math Challenge!.en.txt,Prophecy-Daniel-Revelation,9555,1 is it true is Muhammad actually in the 2 is it true is Muhammad actually in the 3 is it true is Muhammad actually in the Bible 4 Bible 5 Bible that's what we're going to be finding 6 that's what we're going to be finding 7 that's what
cleaned_NEW LINK 1.31.26! Sermon Starting NOW!.en.txt,Sabbath-Law,30571,1 Why 2 Why 3 Why should I feel 4 5 discouraged? 6 7 And why should the shadows 8 And why should the shadows 9 And why should the shadows come? 10 11 And why should my heart 12 And why should my heart 13 And why should my
cleaned_NEW LINK：  Join Us for Sabbath Service!.en.txt,Sabbath-Law,35906,"1 Okay. So, saints, 2 Okay. So, saints, 3 Okay. So, saints, I have been muted that whole time, 4 I have been muted that whole time, 5 I have been muted that whole time, [laughter] 6 [laughter] 7 [laughter] so I get to say all that again. Happy 8"
"cleaned_Natural Disasters, Wars, Protests, Mass Shootings：  What In the World is Going？.en.txt",Sermons-General,32374,1 peaceful peaceful in 2016 than it was in 2 peaceful peaceful in 2016 than it was in 3 peaceful peaceful in 2016 than it was in 2015 and there are now fewer countries 4 2015 and there are now fewer countries 5 2015 and there are now fewer countries
cleaned_New Link Sugar a Poison？.en.txt,Sermons-General,35317,1 We are back. I hope you are starting to 2 We are back. I hope you are starting to 3 We are back. I hope you are starting to connect. Sorry about those technical 4 connect. Sorry about those technical 5 connect. Sorry about those technical difficulties. 6 difficulties.
"cleaned_New Link：  In The Beginning, God....en.txt",Marriage-Family,29220,1 Heat. Heat. 2 3 Amen. Church family. Um happy Sabbath. 4 Amen. Church family. Um happy Sabbath. 5 Amen. Church family. Um happy Sabbath. Um it is uh good to be here [snorts] 6 Um it is uh good to be here [snorts] 7 Um it is uh good
"cleaned_New Link：  In The Beginning, God....en.txt",Sabbath-Law,29220,1 Heat. Heat. 2 3 Amen. Church family. Um happy Sabbath. 4 Amen. Church family. Um happy Sabbath. 5 Amen. Church family. Um happy Sabbath. Um it is uh good to be here [snorts] 6 Um it is uh good to be here [snorts] 7 Um it is uh good
cleaned_New Link： Pastor Ivor Myers invites YOU Sabbath Service.en.txt,Marriage-Family,62052,"1 Heat. Heat. 2 3 Heat. Heat. 4 5 Heat. Heat. 6 7 Heat. 8 9 Hey, heat. Hey, heat. 10 11 Heat. 12 13 Heat. 14 15 Heat. 16 17 Heat. 18 19 Heat. Heat. N. 20 21 This is 22 23 heat. 24 25 Heat. Heat. N. 26"
cleaned_New Link： Pastor Ivor Myers invites YOU Sabbath Service.en.txt,Sabbath-Law,62052,"1 Heat. Heat. 2 3 Heat. Heat. 4 5 Heat. Heat. 6 7 Heat. 8 9 Hey, heat. Hey, heat. 10 11 Heat. 12 13 Heat. 14 15 Heat. 16 17 Heat. 18 19 Heat. Heat. N. 20 21 This is 22 23 heat. 24 25 Heat. Heat. N. 26"
cleaned_New Safe Place.en.txt,Mental-Health-Soul-Care,27113,"1 Okay, we are live. Good. 2 Okay, we are live. Good. 3 Okay, we are live. Good. Okay, welcome. Sorry for about the uh 4 Okay, welcome. Sorry for about the uh 5 Okay, welcome. Sorry for about the uh technical difficulties um as the link 6 technical difficulties"
cleaned_No More Cave Talk (Your Purpose is in His Footsteps).en.txt,Sermons-General,3116,1 so it's 1996 and i'm at a bible camp 2 so it's 1996 and i'm at a bible camp 3 so it's 1996 and i'm at a bible camp i'm lodging with the speaker 4 i'm lodging with the speaker 5 i'm lodging with the speaker for the event
cleaned_Part 1 Sign Confusion (Full uncut video).en.txt,Prophecy-Daniel-Revelation,32479,1 let us uh 2 3 bow our heads for a word of prayer 4 bow our heads for a word of prayer 5 bow our heads for a word of prayer heavenly father 6 7 again we come before you asking you 8 9 for an outpouring of your
cleaned_Part 1 Sign Confusion (Full uncut video).en.txt,Sabbath-Law,32479,1 let us uh 2 3 bow our heads for a word of prayer 4 bow our heads for a word of prayer 5 bow our heads for a word of prayer heavenly father 6 7 again we come before you asking you 8 9 for an outpouring of your
cleaned_Pastor Ivor Myers Has a Sabbath Wake Up Call! Join Us!.en.txt,Sabbath-Law,54705,1 Heat. Heat. 2 3 Heat. Heat. Heat. N. 4 5 Heat. Heat. 6 7 Heat. Heat. 8 9 Heat up 10 11 here. 12 13 Heat. 14 15 Heat. 16 17 Heat. Heat. 18 19 Heat. Heat. 20 21 Heat. Heat. N. 22 23 Heat. 24 25 Heat. 26
cleaned_Pastor Ivor Myers Invites YOU! Join us LIVE!.en.txt,Marriage-Family,111232,1 Oh no. 2 3 Welcome Living Mana Church family. It's 4 Welcome Living Mana Church family. It's 5 Welcome Living Mana Church family. It's so good to have you here with us. I feel 6 so good to have you here with us. I feel 7 so good to
cleaned_Pastor Myers： Collegedale Religious Liberty Conference.en.txt,Sabbath-Law,22080,1 uh how many Christians are out here 2 uh how many Christians are out here 3 uh how many Christians are out here today raise your hand if you're a 4 today raise your hand if you're a 5 today raise your hand if you're a Christian amen um
cleaned_Pastor Under Fire for Photo with Muslim Politician at Religious Liberty Event.en.txt,Marriage-Family,42006,1 Amen. Amen. Happy Sabbath living mana 2 Amen. Amen. Happy Sabbath living mana 3 Amen. Amen. Happy Sabbath living mana church family. Uh I want to invite you. 4 church family. Uh I want to invite you. 5 church family. Uh I want to invite you. I want to
cleaned_Pastor Under Fire for Photo with Muslim Politician at Religious Liberty Event.en.txt,Sabbath-Law,42006,1 Amen. Amen. Happy Sabbath living mana 2 Amen. Amen. Happy Sabbath living mana 3 Amen. Amen. Happy Sabbath living mana church family. Uh I want to invite you. 4 church family. Uh I want to invite you. 5 church family. Uh I want to invite you. I want to
cleaned_People of Nineveh Share Three Angels Messages (You？) ｜ Pastor Ivor Myers.en.txt,Three-Angels-Messages,5140,1 why come back with me I want to talk to 2 why come back with me I want to talk to 3 why come back with me I want to talk to you about the men of Nineveh remember 4 you about the men of Nineveh remember 5 you
cleaned_PhotoTheology： The Divine Design of the Old Testament.en.txt,Phototheology-Principles,7550,1 all right 2 all right 3 all right hello everyone uh 4 5 i'm just gonna wait a few seconds 6 i'm just gonna wait a few seconds 7 i'm just gonna wait a few seconds um to make sure that you all are on 8 9 and if
cleaned_PhotoTheology： The Divine Design of the Old Testament.en.txt,Marriage-Family,7550,1 all right 2 all right 3 all right hello everyone uh 4 5 i'm just gonna wait a few seconds 6 i'm just gonna wait a few seconds 7 i'm just gonna wait a few seconds um to make sure that you all are on 8 9 and if
cleaned_Pr. Ivor & Atonte Myers LOVE Filled Sabbath!.en.txt,Marriage-Family,119053,"1 I 2 3 don't know. 4 5 Hey, 6 7 hey, hey. 8 hey, hey. 9 hey, hey. Heat. Heat. 10 11 Heat. Heat. 12 13 Heat. Heat. 14 15 Heat. Heat. 16 17 Heat. 18 19 Heat. 20 21 Heat. Heat. 22 23 Heat. Heat. 24 25 Heat."
cleaned_Pr. Ivor & Atonte Myers LOVE Filled Sabbath!.en.txt,Current-Events-Commentary,119053,"1 I 2 3 don't know. 4 5 Hey, 6 7 hey, hey. 8 hey, hey. 9 hey, hey. Heat. Heat. 10 11 Heat. Heat. 12 13 Heat. Heat. 14 15 Heat. Heat. 16 17 Heat. 18 19 Heat. 20 21 Heat. Heat. 22 23 Heat. Heat. 24 25 Heat."
cleaned_Pr. Ivor & Atonte Myers LOVE Filled Sabbath!.en.txt,Sabbath-Law,119053,"1 I 2 3 don't know. 4 5 Hey, 6 7 hey, hey. 8 hey, hey. 9 hey, hey. Heat. Heat. 10 11 Heat. Heat. 12 13 Heat. Heat. 14 15 Heat. Heat. 16 17 Heat. 18 19 Heat. 20 21 Heat. Heat. 22 23 Heat. Heat. 24 25 Heat."
cleaned_Pr. Ivor Myers Invites YOU to join us for Sabbath!.en.txt,Marriage-Family,79291,"1 Heat. Heat. 2 3 Heat. Heat. 4 5 Heat. 6 7 Heat. 8 9 Heat. Heat. 10 11 Hey, hey, hey. 12 13 Heat. Heat. 14 15 Hey, hey, hey. 16 17 Heat. Heat. N. 18 19 Heat. Heat. 20 21 Welcome living mana church family. So 22 Welcome"
cleaned_Pr. Ivor Myers Invites YOU to join us for Sabbath!.en.txt,Sabbath-Law,79291,"1 Heat. Heat. 2 3 Heat. Heat. 4 5 Heat. 6 7 Heat. 8 9 Heat. Heat. 10 11 Hey, hey, hey. 12 13 Heat. Heat. 14 15 Hey, hey, hey. 16 17 Heat. Heat. N. 18 19 Heat. Heat. 20 21 Welcome living mana church family. So 22 Welcome"
cleaned_Project 2025 and Shiny Objects.en.txt,Sermons-General,26571,"1 All right. Uh, can you guys hear me? Put 2 All right. Uh, can you guys hear me? Put 3 All right. Uh, can you guys hear me? Put a one in the chat. Good evening, 4 a one in the chat. Good evening, 5 a one in the"
cleaned_Proof： Can A Hardened Skeptic Believe？ Atheism vs Christianity.en.txt,Apologetics-Defense,5501,1 [Music] 2 3 so can a hardened atheist believe that's 4 so can a hardened atheist believe that's 5 so can a hardened atheist believe that's a hard question look many atheists are 6 a hard question look many atheists are 7 a hard question look many atheists are
cleaned_Prophecy Horror Movies and my Personal Testimony ｜ Pastor Ivor Myers.en.txt,Prophecy-Daniel-Revelation,4647,1 thank you you are the founder of power 2 thank you you are the founder of power 3 thank you you are the founder of power of the Lamb Ministries yep and you have 4 of the Lamb Ministries yep and you have 5 of the Lamb Ministries yep
cleaned_Prophetic Bloopers： Becoming More Responsible With Bible Prophecy.en.txt,Prophecy-Daniel-Revelation,65285,1 [Music] 2 3 Welcome to a Power of the Lamb 4 Welcome to a Power of the Lamb 5 Welcome to a Power of the Lamb Ministries live event. We are happy to 6 Ministries live event. We are happy to 7 Ministries live event. We are happy to
cleaned_Prophetic Bloopers： Becoming More Responsible With Bible Prophecy.en.txt,Sabbath-Law,65285,1 [Music] 2 3 Welcome to a Power of the Lamb 4 Welcome to a Power of the Lamb 5 Welcome to a Power of the Lamb Ministries live event. We are happy to 6 Ministries live event. We are happy to 7 Ministries live event. We are happy to
cleaned_Protect the Gates ｜ Pastor Ivor Myers.en.txt,Sermons-General,27667,1 certain men of Judah and I asked them 2 certain men of Judah and I asked them 3 certain men of Judah and I asked them concerning the Jews that had escaped 4 concerning the Jews that had escaped 5 concerning the Jews that had escaped which were left
"cleaned_Queen of Sheba, Jonah & Your Journey (God’s #1 Sign) ｜ Pastor Ivor Myers.en.txt",Sermons-General,21976,1 the Bible says then certain of the 2 the Bible says then certain of the 3 the Bible says then certain of the scribes and of the Pharisees answered 4 scribes and of the Pharisees answered 5 scribes and of the Pharisees answered saying master we would see a
cleaned_RBF and The Mark of the Beast.en.txt,Prophecy-Daniel-Revelation,38765,1 hey guys Pastor Myers here I want to 2 hey guys Pastor Myers here I want to 3 hey guys Pastor Myers here I want to invite you to check out this message 4 invite you to check out this message 5 invite you to check out this message
cleaned_RBF and The Mark of the Beast.en.txt,Creation-Origins,38765,1 hey guys Pastor Myers here I want to 2 hey guys Pastor Myers here I want to 3 hey guys Pastor Myers here I want to invite you to check out this message 4 invite you to check out this message 5 invite you to check out this message
cleaned_Religious Liberty Committee in America？.en.txt,Mental-Health-Soul-Care,73233,1 Heat. 2 3 Heat. Heat. 4 5 [Music] 6 7 Heat. Heat. Heat. 8 9 [Music] 10 11 [Music] 12 13 [Music] 14 15 [Music] 16 17 [Music] 18 19 Hey. Hey. Hey. Heat. 20 21 [Music] 22 23 [Music] 24 [Music] 25 [Music] Heat. Heat. 26 27 [Music]
cleaned_Religious Liberty Committee in America？.en.txt,Marriage-Family,73233,1 Heat. 2 3 Heat. Heat. 4 5 [Music] 6 7 Heat. Heat. Heat. 8 9 [Music] 10 11 [Music] 12 13 [Music] 14 15 [Music] 16 17 [Music] 18 19 Hey. Hey. Hey. Heat. 20 21 [Music] 22 23 [Music] 24 [Music] 25 [Music] Heat. Heat. 26 27 [Music]
cleaned_Religious Liberty Committee in America？.en.txt,Current-Events-Commentary,73233,1 Heat. 2 3 Heat. Heat. 4 5 [Music] 6 7 Heat. Heat. Heat. 8 9 [Music] 10 11 [Music] 12 13 [Music] 14 15 [Music] 16 17 [Music] 18 19 Hey. Hey. Hey. Heat. 20 21 [Music] 22 23 [Music] 24 [Music] 25 [Music] Heat. Heat. 26 27 [Music]
cleaned_Religious Liberty Committee in America？.en.txt,Sabbath-Law,73233,1 Heat. 2 3 Heat. Heat. 4 5 [Music] 6 7 Heat. Heat. Heat. 8 9 [Music] 10 11 [Music] 12 13 [Music] 14 15 [Music] 16 17 [Music] 18 19 Hey. Hey. Hey. Heat. 20 21 [Music] 22 23 [Music] 24 [Music] 25 [Music] Heat. Heat. 26 27 [Music]
cleaned_Reply to God like this ｜ Evangelist Dwayne Lemon.en.txt,Sanctuary-Judgment-1844,6737,1 again every time you go through the 2 again every time you go through the 3 again every time you go through the sanctuary and 4 sanctuary and 5 sanctuary and its services you're learning two things 6 its services you're learning two things 7 its services you're learning
cleaned_Rise of the Man of Sin ｜ Pastor Ivor Myers.en.txt,Sermons-General,27974,1 build it together for a habitation of 2 build it together for a habitation of 3 build it together for a habitation of God through the spirit this verse simply 4 God through the spirit this verse simply 5 God through the spirit this verse simply lays the foundation
cleaned_SALT Community Outreach⧸ Sermon：  The Woke Deception.en.txt,Current-Events-Commentary,104032,1 [Music] 2 3 thank you 4 thank you 5 thank you foreign 6 7 [Music] 8 9 foreign 10 foreign 11 foreign [Music] 12 [Music] 13 [Music] foreign 14 foreign 15 foreign [Music] 16 [Music] 17 [Music] foreign 18 19 [Music] 20 21 foreign 22 23 [Music] 24 25
cleaned_SALT Community Outreach⧸ Sermon：  The Woke Deception.en.txt,Sabbath-Law,104032,1 [Music] 2 3 thank you 4 thank you 5 thank you foreign 6 7 [Music] 8 9 foreign 10 foreign 11 foreign [Music] 12 [Music] 13 [Music] foreign 14 foreign 15 foreign [Music] 16 [Music] 17 [Music] foreign 18 19 [Music] 20 21 foreign 22 23 [Music] 24 25
cleaned_STOP! In the Name of God & Eternal Hellfire!.en.txt,Marriage-Family,114963,1 Welcome Living Mana Church family. It's 2 Welcome Living Mana Church family. It's 3 Welcome Living Mana Church family. It's so good to have you here with us to 4 so good to have you here with us to 5 so good to have you here with us to
cleaned_STOP! In the Name of God & Eternal Hellfire!.en.txt,Sabbath-Law,114963,1 Welcome Living Mana Church family. It's 2 Welcome Living Mana Church family. It's 3 Welcome Living Mana Church family. It's so good to have you here with us to 4 so good to have you here with us to 5 so good to have you here with us to
cleaned_Sabbath School： SALT Outreach.en.txt,Current-Events-Commentary,68631,1 [Music] 2 3 [Music] 4 5 so 6 7 [Music] 8 9 [Music] 10 [Music] 11 [Music] so 12 13 [Music] 14 15 [Music] 16 17 [Music] 18 19 [Music] 20 [Music] 21 [Music] happy sabbath and welcome to the living 22 happy sabbath and welcome to the living
cleaned_Sabbath School： SALT Outreach.en.txt,Sabbath-Law,68631,1 [Music] 2 3 [Music] 4 5 so 6 7 [Music] 8 9 [Music] 10 [Music] 11 [Music] so 12 13 [Music] 14 15 [Music] 16 17 [Music] 18 19 [Music] 20 [Music] 21 [Music] happy sabbath and welcome to the living 22 happy sabbath and welcome to the living
cleaned_Safe Place.en.txt,Mental-Health-Soul-Care,38361,1 good evening living Mana family how's 2 good evening living Mana family how's 3 good evening living Mana family how's everyone doing I hope that you guys have 4 everyone doing I hope that you guys have 5 everyone doing I hope that you guys have been blessed it's
cleaned_Safe Place.en.txt,Marriage-Family,38361,1 good evening living Mana family how's 2 good evening living Mana family how's 3 good evening living Mana family how's everyone doing I hope that you guys have 4 everyone doing I hope that you guys have 5 everyone doing I hope that you guys have been blessed it's
"cleaned_Science, Philosophy, Metaphysics Thursdays.en.txt",Apologetics-Defense,1678,1 hello 2 hello 3 hello my name is dr sabot pandit 4 my name is dr sabot pandit 5 my name is dr sabot pandit and it's nice to meet you all 6 and it's nice to meet you all 7 and it's nice to meet you all have
"cleaned_Science, Philosophy, Metaphysics Thursdays.en.txt",Mental-Health-Soul-Care,1678,1 hello 2 hello 3 hello my name is dr sabot pandit 4 my name is dr sabot pandit 5 my name is dr sabot pandit and it's nice to meet you all 6 and it's nice to meet you all 7 and it's nice to meet you all have
cleaned_Selfishness vs Selflessness ｜ Pastor Ivor Myers.en.txt,Sermons-General,4550,1 when you have nothing left let me ask 2 when you have nothing left let me ask 3 when you have nothing left let me ask you have you ever felt like you had 4 you have you ever felt like you had 5 you have you ever felt
cleaned_Sermon Pastor Ivors The King of Peace.en.txt,Health-Wellness,31591,1 some of you may not know that I have 2 some of you may not know that I have 3 some of you may not know that I have multiple sclerosis I was diagnosed 10 4 multiple sclerosis I was diagnosed 10 5 multiple sclerosis I was diagnosed 10
cleaned_Setting Effective Goals and Increasing Self Control.en.txt,Health-Wellness,46620,1 Good afternoon. Hello everyone and 2 Good afternoon. Hello everyone and 3 Good afternoon. Hello everyone and welcome back to True Health Tuesday. My 4 welcome back to True Health Tuesday. My 5 welcome back to True Health Tuesday. My name is Maria Jose Hmel and uh I am
"cleaned_Share the Truth Playlist： Christianity, The National Moral Crisis and the Law of God.en.txt",Sabbath-Law,41461,1 and amen if you love me 2 and amen if you love me 3 and amen if you love me keep my ways that is a 4 keep my ways that is a 5 keep my ways that is a that's a powerful song 6 that's a powerful song
cleaned_Share the Truth Playlist： Dead or Alive？.en.txt,Sermons-General,43290,1 uh we're going to be talking about what 2 uh we're going to be talking about what 3 uh we're going to be talking about what happens uh to a person when they die 4 happens uh to a person when they die 5 happens uh to a person
cleaned_Share the Truth Playlist： Fireproof- The Truth About HellFire.en.txt,Apologetics-Defense,43357,1 uh welcome 2 uh welcome 3 uh welcome everyone uh that is the question Whom 4 everyone uh that is the question Whom 5 everyone uh that is the question Whom Shall I Fear when God is on our 6 Shall I Fear when God is on our 7
cleaned_Share the Truth Playlist： The Rapture.en.txt,Prophecy-Daniel-Revelation,39513,1 amen amen 2 amen amen 3 amen amen happy Sabbath everyone 4 happy Sabbath everyone 5 happy Sabbath everyone um if you've been blessed uh by the 6 um if you've been blessed uh by the 7 um if you've been blessed uh by the service thus far put
cleaned_Share the Truth Playlist： The Rapture.en.txt,Mental-Health-Soul-Care,39513,1 amen amen 2 amen amen 3 amen amen happy Sabbath everyone 4 happy Sabbath everyone 5 happy Sabbath everyone um if you've been blessed uh by the 6 um if you've been blessed uh by the 7 um if you've been blessed uh by the service thus far put
cleaned_Share the Truth Playlist： The Rapture.en.txt,Sabbath-Law,39513,1 amen amen 2 amen amen 3 amen amen happy Sabbath everyone 4 happy Sabbath everyone 5 happy Sabbath everyone um if you've been blessed uh by the 6 um if you've been blessed uh by the 7 um if you've been blessed uh by the service thus far put
cleaned_Sign Confusion  Last 17 minutes (Get My Slides in Link in the Description).en.txt,Prophecy-Daniel-Revelation,7719,1 coming of jesus 2 coming of jesus 3 coming of jesus by the way 4 by the way 5 by the way chariots and horsemen represents land 6 chariots and horsemen represents land 7 chariots and horsemen represents land power 8 power 9 power the whirlwind represents air power
cleaned_Sign Confusion  Last 17 minutes (Get My Slides in Link in the Description).en.txt,Sabbath-Law,7719,1 coming of jesus 2 coming of jesus 3 coming of jesus by the way 4 by the way 5 by the way chariots and horsemen represents land 6 chariots and horsemen represents land 7 chariots and horsemen represents land power 8 power 9 power the whirlwind represents air power
cleaned_Sleeping with a GOOD Friend's WIFE.en.txt,Prophecy-Daniel-Revelation,4909,1 of his adulterous affair is trying to 2 of his adulterous affair is trying to 3 of his adulterous affair is trying to get 4 get 5 get rid of the fire of god beloved how many 6 rid of the fire of god beloved how many 7 rid
"cleaned_Social Distancing, the Three Angels Messages, and the Right Arm of the Gospel.en.txt",Current-Events-Commentary,38169,1 That was a blessing. Uh I'm uh um happy 2 That was a blessing. Uh I'm uh um happy 3 That was a blessing. Uh I'm uh um happy that you all are joining us uh today. We 4 that you all are joining us uh today. We 5
"cleaned_Social Distancing, the Three Angels Messages, and the Right Arm of the Gospel.en.txt",Three-Angels-Messages,38169,1 That was a blessing. Uh I'm uh um happy 2 That was a blessing. Uh I'm uh um happy 3 That was a blessing. Uh I'm uh um happy that you all are joining us uh today. We 4 that you all are joining us uh today. We 5
cleaned_Special Sabbath Service： Forms Without Fire!.en.txt,Marriage-Family,90209,1 Heat. Heat. 2 3 Heat. Heat. 4 5 Heat. Heat. 6 7 Heat. Heat. 8 9 Heat. Heat. 10 11 Heat. Heat. 12 13 Heat. Heat. 14 15 Heat. Heat. 16 17 Heat. Heat. 18 19 Heat. Heat. 20 21 Heat. 22 23 Heat. 24 25 Heat. 26 27
cleaned_Special Sabbath Service： Forms Without Fire!.en.txt,Sabbath-Law,90209,1 Heat. Heat. 2 3 Heat. Heat. 4 5 Heat. Heat. 6 7 Heat. Heat. 8 9 Heat. Heat. 10 11 Heat. Heat. 12 13 Heat. Heat. 14 15 Heat. Heat. 16 17 Heat. Heat. 18 19 Heat. Heat. 20 21 Heat. 22 23 Heat. 24 25 Heat. 26 27
cleaned_Study Scripture to Light Up the World! ｜ Pastor Ivor Myers.en.txt,Sermons-General,1998,1 the third way to lighten up is sun is 2 the third way to lighten up is sun is 3 the third way to lighten up is sun is found in psalm 119:105 turn there with 4 found in psalm 119:105 turn there with 5 found in psalm 119:105
cleaned_Sun Flu Fighting： Best Natural Remedy for Flu (Study).en.txt,Health-Wellness,6539,1 welcome to True Health Tuesdays today 2 welcome to True Health Tuesdays today 3 welcome to True Health Tuesdays today we're going to talk about sunshine and 4 we're going to talk about sunshine and 5 we're going to talk about sunshine and the flu and we seem to
cleaned_The 2023 Message： Fear God？.en.txt,Prophecy-Daniel-Revelation,28000,1 hey guys Pastor mys here and I just want 2 hey guys Pastor mys here and I just want 3 hey guys Pastor mys here and I just want to take a minute to invite you to check 4 to take a minute to invite you to check 5
cleaned_The Art of Spiritual Bodybuilding (Full Message).en.txt,Sermons-General,41399,1 amen 2 3 amen um 4 amen um 5 amen um all right 6 all right 7 all right put a one in the chat if you are ready 8 put a one in the chat if you are ready 9 put a one in the chat if you
cleaned_The Atheism Prophecy.en.txt,Prophecy-Daniel-Revelation,25065,1 days times would be two years that's 720 2 days times would be two years that's 720 3 days times would be two years that's 720 days and half a time would be half a 4 days and half a time would be half a 5 days and half
cleaned_The Atheism Prophecy.en.txt,Sanctuary-Judgment-1844,25065,1 days times would be two years that's 720 2 days times would be two years that's 720 3 days times would be two years that's 720 days and half a time would be half a 4 days and half a time would be half a 5 days and half
"cleaned_The BEST Exercise for Depression, Anxiety, & Stress ｜ Roger Seheult, MD.en.txt",Mental-Health-Soul-Care,16325,1 well welcome to another 2 well welcome to another 3 well welcome to another living mana physical health tuesdays 4 living mana physical health tuesdays 5 living mana physical health tuesdays today we're going to talk about stress 6 today we're going to talk about stress 7 today we're
"cleaned_The BEST Exercise for Depression, Anxiety, & Stress ｜ Roger Seheult, MD.en.txt",Health-Wellness,16325,1 well welcome to another 2 well welcome to another 3 well welcome to another living mana physical health tuesdays 4 living mana physical health tuesdays 5 living mana physical health tuesdays today we're going to talk about stress 6 today we're going to talk about stress 7 today we're
"cleaned_The BEST Exercise for Depression, Anxiety, & Stress ｜ Roger Seheult, MD.en.txt",Current-Events-Commentary,16325,1 well welcome to another 2 well welcome to another 3 well welcome to another living mana physical health tuesdays 4 living mana physical health tuesdays 5 living mana physical health tuesdays today we're going to talk about stress 6 today we're going to talk about stress 7 today we're
cleaned_The Best Bible App (My Personal Testimony) ｜ Pastor Ivor Myers.en.txt,Mental-Health-Soul-Care,3229,1 passionate about the gospel from from 2 passionate about the gospel from from 3 passionate about the gospel from from the moment you found out in the moment 4 the moment you found out in the moment 5 the moment you found out in the moment from the moment
cleaned_The Biblical Gift of Tongues.en.txt,Sermons-General,39107,1 men thank you brother Elko for uh coming 2 men thank you brother Elko for uh coming 3 men thank you brother Elko for uh coming back despite the technical difficulty 4 back despite the technical difficulty 5 back despite the technical difficulty um thank you for the prayers
cleaned_The Coming Tornado (The Little Horn of Bible Prophecy).en.txt,Prophecy-Daniel-Revelation,43868,1 notes please invite your people invite 2 notes please invite your people invite 3 notes please invite your people invite your people 4 your people 5 your people invite your people listen 6 7 um so as you all know every fourth 8 um so as you all know
cleaned_The Coming Tornado (The Little Horn of Bible Prophecy).en.txt,Sabbath-Law,43868,1 notes please invite your people invite 2 notes please invite your people invite 3 notes please invite your people invite your people 4 your people 5 your people invite your people listen 6 7 um so as you all know every fourth 8 um so as you all know
"cleaned_The Courtyard ｜ Apologist Nefer, Nitty.en.txt",Sanctuary-Judgment-1844,5051,1 three sections and we see those laid out 2 three sections and we see those laid out 3 three sections and we see those laid out in exodus exodus 27 verse 9 says 4 in exodus exodus 27 verse 9 says 5 in exodus exodus 27 verse 9 says
cleaned_The Darkness of God.en.txt,Sermons-General,26628,1 and the title of the sermon the darkness 2 and the title of the sermon the darkness 3 and the title of the sermon the darkness of God I know that for many people here 4 of God I know that for many people here 5 of God I
cleaned_The Day of the Lord： This Bible Message Changes Everything!.en.txt,Prophecy-Daniel-Revelation,32976,1 family. Uh we are getting ready to get 2 family. Uh we are getting ready to get 3 family. Uh we are getting ready to get into the word of God this morning. And 4 into the word of God this morning. And 5 into the word of God
cleaned_The Day of the Lord： This Bible Message Changes Everything!.en.txt,Marriage-Family,32976,1 family. Uh we are getting ready to get 2 family. Uh we are getting ready to get 3 family. Uh we are getting ready to get into the word of God this morning. And 4 into the word of God this morning. And 5 into the word of God
cleaned_The End Times： How to Study Bible Prophecy ｜ Pastor Ivor Myers.en.txt,Prophecy-Daniel-Revelation,25883,1 is actually a puzzle right and and most 2 is actually a puzzle right and and most 3 is actually a puzzle right and and most people I think when they approach the 4 people I think when they approach the 5 people I think when they approach the
cleaned_The End Times： How to Study Bible Prophecy ｜ Pastor Ivor Myers.en.txt,Bible-Study-Methods,25883,1 is actually a puzzle right and and most 2 is actually a puzzle right and and most 3 is actually a puzzle right and and most people I think when they approach the 4 people I think when they approach the 5 people I think when they approach the
cleaned_The Enemy is In Your Head ｜ Pastor Ivor Myers.en.txt,Prophecy-Daniel-Revelation,23075,1 13 2 3 and we will begin reading 4 5 from verse one. 6 from verse one. 7 from verse one. Matthew chapter 13 8 Matthew chapter 13 9 Matthew chapter 13 verse one when you're there please say 10 verse one when you're there please say 11 verse
cleaned_The Enemy's Influencers & Their Fake Ads ｜ Pastor Ivor Myers.en.txt,Sermons-General,16223,1 the fire 2 the fire 3 the fire Festival I had not heard about this 4 Festival I had not heard about this 5 Festival I had not heard about this until really just a few weeks ago and 6 until really just a few weeks ago and 7
cleaned_The Evolution Counterfeit： Evolution IS NOT a Counterfeit of Creation.en.txt,Creation-Origins,21867,1 how many of you 2 how many of you 3 how many of you believe that evolution is a 4 believe that evolution is a 5 believe that evolution is a counterfeit I believe that evolution is 6 counterfeit I believe that evolution is 7 counterfeit I believe that
cleaned_The First Entanglement.en.txt,Sermons-General,8417,1 now watch this his death leads us 2 now watch this his death leads us 3 now watch this his death leads us away from the house of bondage 4 away from the house of bondage 5 away from the house of bondage remember what egypt represents the house
cleaned_The Ghost Writer.en.txt,Sabbath-Law,31748,1 hey everyone I want to uh invite you to 2 hey everyone I want to uh invite you to 3 hey everyone I want to uh invite you to check out this message entitled The 4 check out this message entitled The 5 check out this message entitled The
cleaned_The Ghost Writer.en.txt,Creation-Origins,31748,1 hey everyone I want to uh invite you to 2 hey everyone I want to uh invite you to 3 hey everyone I want to uh invite you to check out this message entitled The 4 check out this message entitled The 5 check out this message entitled The
cleaned_The Glory of the Mountain.en.txt,Mental-Health-Soul-Care,27547,1 hey guys Pastor Meers here uh just 2 hey guys Pastor Meers here uh just 3 hey guys Pastor Meers here uh just wanted to invite you to check out this 4 wanted to invite you to check out this 5 wanted to invite you to check out this
"cleaned_The Holy Spirit's Role in Unity, Protection & Comfort ｜ Pastor Ivor Myers.en.txt",Sermons-General,18247,1 the question is who are you working for 2 the question is who are you working for 3 the question is who are you working for and this is the thing beloved when self 4 and this is the thing beloved when self 5 and this is the thing
cleaned_The Israel-America Problem： Did The Bible Predict This？.en.txt,Current-Events-Commentary,46801,1 Heat. Heat. Heat. 2 3 [Music] 4 5 Heat. 6 7 [Music] 8 9 Heat. 10 11 [Music] 12 [Music] 13 [Music] Heat. Heat. 14 15 Heat 16 Heat 17 Heat up here. 18 19 [Music] 20 21 [Music] 22 23 Heat. Heat. 24 Heat. Heat. 25 [Applause] 26
cleaned_The Israel-America Problem： Did The Bible Predict This？.en.txt,Sabbath-Law,46801,1 Heat. Heat. Heat. 2 3 [Music] 4 5 Heat. 6 7 [Music] 8 9 Heat. 10 11 [Music] 12 [Music] 13 [Music] Heat. Heat. 14 15 Heat 16 Heat 17 Heat up here. 18 19 [Music] 20 21 [Music] 22 23 Heat. Heat. 24 Heat. Heat. 25 [Applause] 26
cleaned_The Journey ｜ Pastor Ivor Myers.en.txt,Sermons-General,17524,1 three amen I want to speak to you today 2 three amen I want to speak to you today 3 three amen I want to speak to you today about a sermon I've entitled the journey 4 about a sermon I've entitled the journey 5 about a sermon I've
cleaned_The Man of Sin： What You Think You Know Isn’t Even Close..en.txt,Marriage-Family,100737,1 [Music] 2 3 [Music] 4 [Music] 5 [Music] Heat. Heat. 6 Heat. Heat. 7 Heat. Heat. [Music] 8 9 [Music] 10 11 Heat. Heat. 12 13 Welcome Living Mana Church family. We 14 Welcome Living Mana Church family. We 15 Welcome Living Mana Church family. We are so happy
cleaned_The Man of Sin： What You Think You Know Isn’t Even Close..en.txt,Sabbath-Law,100737,1 [Music] 2 3 [Music] 4 [Music] 5 [Music] Heat. Heat. 6 Heat. Heat. 7 Heat. Heat. [Music] 8 9 [Music] 10 11 Heat. Heat. 12 13 Welcome Living Mana Church family. We 14 Welcome Living Mana Church family. We 15 Welcome Living Mana Church family. We are so happy
cleaned_The Mark of the Beast Simplified.en.txt,Prophecy-Daniel-Revelation,38912,1 amen happy Sabbath everyone um we have a 2 amen happy Sabbath everyone um we have a 3 amen happy Sabbath everyone um we have a very 4 very 5 very special message 6 special message 7 special message today from the word of God and uh the 8
cleaned_The Mark of the Beast Simplified.en.txt,Current-Events-Commentary,38912,1 amen happy Sabbath everyone um we have a 2 amen happy Sabbath everyone um we have a 3 amen happy Sabbath everyone um we have a very 4 very 5 very special message 6 special message 7 special message today from the word of God and uh the 8
cleaned_The Mark of the Beast Simplified.en.txt,Sabbath-Law,38912,1 amen happy Sabbath everyone um we have a 2 amen happy Sabbath everyone um we have a 3 amen happy Sabbath everyone um we have a very 4 very 5 very special message 6 special message 7 special message today from the word of God and uh the 8
cleaned_The Midst of the Valley： How Should Adventists Respond？.en.txt,Mental-Health-Soul-Care,24276,1 ah 2 3 um our world our nation is divided 4 um our world our nation is divided 5 um our world our nation is divided and as we look at what happened this 6 and as we look at what happened this 7 and as we look at
cleaned_The Midst of the Valley： How Should Adventists Respond？.en.txt,Sabbath-Law,24276,1 ah 2 3 um our world our nation is divided 4 um our world our nation is divided 5 um our world our nation is divided and as we look at what happened this 6 and as we look at what happened this 7 and as we look at
cleaned_The Most Powerful Testimony.en.txt,Marriage-Family,53161,1 thank you 2 thank you 3 thank you amen amen amen a happy Sabbath everyone 4 amen amen amen a happy Sabbath everyone 5 amen amen amen a happy Sabbath everyone um 6 7 put a one in the chat if you all are 8 put a one in
cleaned_The Most Powerful Testimony.en.txt,Sabbath-Law,53161,1 thank you 2 thank you 3 thank you amen amen amen a happy Sabbath everyone 4 amen amen amen a happy Sabbath everyone 5 amen amen amen a happy Sabbath everyone um 6 7 put a one in the chat if you all are 8 put a one in
cleaned_The Mount of Curses.en.txt,Marriage-Family,114309,1 Heat. Heat. 2 3 Heat. Heat. 4 5 Heat. Heat. 6 7 Heat. Heat. 8 9 Heat. 10 11 Heat. 12 13 Heat. 14 15 Heat. 16 17 Heat. Heat. 18 19 Heat. Heat. 20 21 Heat. Heat. 22 23 Heat. Heat. 24 25 Heat. Heat. 26 27 Heat.
cleaned_The Mount of Curses.en.txt,Sabbath-Law,114309,1 Heat. Heat. 2 3 Heat. Heat. 4 5 Heat. Heat. 6 7 Heat. Heat. 8 9 Heat. 10 11 Heat. 12 13 Heat. 14 15 Heat. 16 17 Heat. Heat. 18 19 Heat. Heat. 20 21 Heat. Heat. 22 23 Heat. Heat. 24 25 Heat. Heat. 26 27 Heat.
cleaned_The New Testament Juiced - Understanding the Vaccine and How it Works.en.txt,Sabbath-Law,27220,1 amen amen happy sabbath everyone 2 amen amen happy sabbath everyone 3 amen amen happy sabbath everyone um 4 5 so as you can see for those of you who 6 so as you can see for those of you who 7 so as you can see for those
cleaned_The Plan For Your Life： What if You Knew (in Advance)？.en.txt,Mental-Health-Soul-Care,33051,1 once the carnal mind takes over there is 2 once the carnal mind takes over there is 3 once the carnal mind takes over there is a filter that is placed on it that says 4 a filter that is placed on it that says 5 a filter that
cleaned_The Power Line LIVE!.en.txt,Sermons-General,21619,"1 Amen. Amen. Greetings and welcome to 2 Amen. Amen. Greetings and welcome to 3 Amen. Amen. Greetings and welcome to Living Mana's power line, your 4 Living Mana's power line, your 5 Living Mana's power line, your connection to the throne. No matter 6 connection to the throne. No"
cleaned_The Sabbath：  Gift from God or Doctrine of Demons？.en.txt,Sabbath-Law,48632,1 doing all he can to to to cause habit 2 doing all he can to to to cause habit 3 doing all he can to to to cause habit Lord please 4 5 Speak Lord 6 Speak Lord 7 Speak Lord and may your voice come through 8 and
cleaned_The Seal of God： The Sabbath or the Spirit？.en.txt,Prophecy-Daniel-Revelation,22808,1 Happy Sabbath everyone. 2 Happy Sabbath everyone. 3 Happy Sabbath everyone. Uh it is good to be here with you 4 Uh it is good to be here with you 5 Uh it is good to be here with you today. Um I am uh thankful for the 6
cleaned_The Seal of God： The Sabbath or the Spirit？.en.txt,Sabbath-Law,22808,1 Happy Sabbath everyone. 2 Happy Sabbath everyone. 3 Happy Sabbath everyone. Uh it is good to be here with you 4 Uh it is good to be here with you 5 Uh it is good to be here with you today. Um I am uh thankful for the 6
cleaned_The Sealing Message.en.txt,Prophecy-Daniel-Revelation,28294,1 hey everyone Pastor Myers here just want 2 hey everyone Pastor Myers here just want 3 hey everyone Pastor Myers here just want to invite you to check out this very 4 to invite you to check out this very 5 to invite you to check out this very
cleaned_The Secret to Ignite Your Mitochondria for Better Blood Sugar.en.txt,Sermons-General,9308,1 today we're going to talk about Optical 2 today we're going to talk about Optical 3 today we're going to talk about Optical stimulation of mitochondria reduces 4 stimulation of mitochondria reduces 5 stimulation of mitochondria reduces blood glucose levels let's talk about 6 blood glucose levels let's talk
cleaned_The Secret： Proverbs 8 And the 70 Week Prophecy.en.txt,Prophecy-Daniel-Revelation,21821,1 you don't like 2 you don't like 3 you don't like Secrets but when you get in on a secret 4 Secrets but when you get in on a secret 5 Secrets but when you get in on a secret does it kind of make you feel like oh
cleaned_The Secret： Proverbs 8 And the 70 Week Prophecy.en.txt,Mental-Health-Soul-Care,21821,1 you don't like 2 you don't like 3 you don't like Secrets but when you get in on a secret 4 Secrets but when you get in on a secret 5 Secrets but when you get in on a secret does it kind of make you feel like oh
cleaned_The Son of David.en.txt,Sermons-General,28559,1 Heat. 2 3 [Music] 4 5 Heat. Heat. 6 7 [Music] 8 9 [Music] 10 11 Heat. 12 13 [Music] 14 15 Heat. Heat. 16 17 [Music] 18 19 [Music] 20 21 Heat. 22 Heat. 23 Heat. Heat. Heat up 24 25 [Music] 26 27 here. 28 29 [Music]
cleaned_The Story of The Ten Horns in Bible Prophecy.en.txt,Prophecy-Daniel-Revelation,62249,"1 All right. Good evening uh everyone and 2 All right. Good evening uh everyone and 3 All right. Good evening uh everyone and happy 4 happy 5 happy Sabbath. 6 Sabbath. 7 Sabbath. >> Yes. Welcome, 8 >> Yes. Welcome, 9 >> Yes. Welcome, >> welcome, welcome, welcome. 10"
cleaned_The Story of The Ten Horns in Bible Prophecy.en.txt,Sabbath-Law,62249,"1 All right. Good evening uh everyone and 2 All right. Good evening uh everyone and 3 All right. Good evening uh everyone and happy 4 happy 5 happy Sabbath. 6 Sabbath. 7 Sabbath. >> Yes. Welcome, 8 >> Yes. Welcome, 9 >> Yes. Welcome, >> welcome, welcome, welcome. 10"
cleaned_The Story of the Ten Horns Part 2： The Why Behind a Sunday Law.en.txt,Prophecy-Daniel-Revelation,72361,1 All right. Right. Can you guys hear us 2 All right. Right. Can you guys hear us 3 All right. Right. Can you guys hear us now? 4 now? 5 now? >> Please put a one in the chat if you can 6 >> Please put a one in
cleaned_The Story of the Ten Horns Part 2： The Why Behind a Sunday Law.en.txt,Health-Wellness,72361,1 All right. Right. Can you guys hear us 2 All right. Right. Can you guys hear us 3 All right. Right. Can you guys hear us now? 4 now? 5 now? >> Please put a one in the chat if you can 6 >> Please put a one in
cleaned_The Story of the Ten Horns Part 2： The Why Behind a Sunday Law.en.txt,Current-Events-Commentary,72361,1 All right. Right. Can you guys hear us 2 All right. Right. Can you guys hear us 3 All right. Right. Can you guys hear us now? 4 now? 5 now? >> Please put a one in the chat if you can 6 >> Please put a one in
cleaned_The Story of the Ten Horns Part 2： The Why Behind a Sunday Law.en.txt,Sabbath-Law,72361,1 All right. Right. Can you guys hear us 2 All right. Right. Can you guys hear us 3 All right. Right. Can you guys hear us now? 4 now? 5 now? >> Please put a one in the chat if you can 6 >> Please put a one in
cleaned_The Story of the Ten Horns Part 3： The Abomination of Desolation.en.txt,Prophecy-Daniel-Revelation,69110,1 Good evening everyone. 2 Good evening everyone. 3 Good evening everyone. >> Good evening. 4 >> Good evening. 5 >> Good evening. >> Welcome to the 10 horns part three. 6 >> Welcome to the 10 horns part three. 7 >> Welcome to the 10 horns part three. We're
cleaned_The Story of the Ten Horns Part 3： The Abomination of Desolation.en.txt,Sabbath-Law,69110,1 Good evening everyone. 2 Good evening everyone. 3 Good evening everyone. >> Good evening. 4 >> Good evening. 5 >> Good evening. >> Welcome to the 10 horns part three. 6 >> Welcome to the 10 horns part three. 7 >> Welcome to the 10 horns part three. We're
cleaned_The Time of Trouble Series： The 9 Essentials Part 4.en.txt,Marriage-Family,106218,1 e 2 3 [Music] 4 [Music] 5 [Music] how 6 7 [Music] 8 9 how 10 11 a 12 13 [Music] 14 15 w 16 17 [Music] 18 19 [Music] 20 21 oh 22 23 [Music] 24 [Music] 25 [Music] o 26 27 [Music] 28 29 w 30 31
cleaned_The Time of Trouble Series： The 9 Essentials Part 4.en.txt,Sabbath-Law,106218,1 e 2 3 [Music] 4 [Music] 5 [Music] how 6 7 [Music] 8 9 how 10 11 a 12 13 [Music] 14 15 w 16 17 [Music] 18 19 [Music] 20 21 oh 22 23 [Music] 24 [Music] 25 [Music] o 26 27 [Music] 28 29 w 30 31
cleaned_The Truth about the Millennium.en.txt,Prophecy-Daniel-Revelation,46016,1 um 2 um 3 um I 4 I 5 I I'm excited about today's message 6 I'm excited about today's message 7 I'm excited about today's message um because by the grace of God 8 um because by the grace of God 9 um because by the grace of
cleaned_The Truth about the Millennium.en.txt,Current-Events-Commentary,46016,1 um 2 um 3 um I 4 I 5 I I'm excited about today's message 6 I'm excited about today's message 7 I'm excited about today's message um because by the grace of God 8 um because by the grace of God 9 um because by the grace of
cleaned_The Ultimate Math Challenge for Hebrew Israelites!.en.txt,Prophecy-Daniel-Revelation,12065,1 [Music] 2 3 foreign 4 5 in today's video we're going to be 6 in today's video we're going to be 7 in today's video we're going to be issuing a mathematical challenge for the 8 issuing a mathematical challenge for the 9 issuing a mathematical challenge for the
cleaned_The Valley of the Shadow.en.txt,Sermons-General,34772,1 [Music] 2 3 I want to invite you uh as we're 4 I want to invite you uh as we're 5 I want to invite you uh as we're beginning to just hit that share button 6 beginning to just hit that share button 7 beginning to just hit
cleaned_The Veil REVEALED - LIVE!.en.txt,Marriage-Family,101208,1 Heat. Heat. 2 3 Heat. Heat. N. 4 5 Heat. 6 7 Heat. 8 9 Welcome Living Mana Church family. It's 10 Welcome Living Mana Church family. It's 11 Welcome Living Mana Church family. It's so good to have you here with us today 12 so good to have
cleaned_The Veil REVEALED - LIVE!.en.txt,Sabbath-Law,101208,1 Heat. Heat. 2 3 Heat. Heat. N. 4 5 Heat. 6 7 Heat. 8 9 Welcome Living Mana Church family. It's 10 Welcome Living Mana Church family. It's 11 Welcome Living Mana Church family. It's so good to have you here with us today 12 so good to have
cleaned_The Voice of the Dragon.en.txt,Prophecy-Daniel-Revelation,90988,"1 [Music] 2 3 Greetings. Greetings everyone. Go ahead, 4 Greetings. Greetings everyone. Go ahead, 5 Greetings. Greetings everyone. Go ahead, Tante. Go ahead. 6 Tante. Go ahead. 7 Tante. Go ahead. >> No, go ahead. I'm so used to saying 8 >> No, go ahead. I'm so used to"
cleaned_The Voice of the Dragon.en.txt,Sabbath-Law,90988,"1 [Music] 2 3 Greetings. Greetings everyone. Go ahead, 4 Greetings. Greetings everyone. Go ahead, 5 Greetings. Greetings everyone. Go ahead, Tante. Go ahead. 6 Tante. Go ahead. 7 Tante. Go ahead. >> No, go ahead. I'm so used to saying 8 >> No, go ahead. I'm so used to"
cleaned_The Wormwood Deception.en.txt,Sabbath-Law,20014,1 amen uh once again happy 2 amen uh once again happy 3 amen uh once again happy Sabbath today's uh 4 Sabbath today's uh 5 Sabbath today's uh message uh is really really an important 6 message uh is really really an important 7 message uh is really really
cleaned_This Man Eats With Sinners.en.txt,Marriage-Family,106868,1 [music] 2 3 Heat. Heat. 4 5 [music] 6 7 Heat. Heat. 8 9 [music] 10 11 [music] 12 13 [music] 14 15 >> [music] 16 17 [music] 18 19 >> Heat. Heat. 20 21 [music] 22 23 [music] 24 25 >> [music] 26 27 >> Heat. Heat. 28
cleaned_This Man Eats With Sinners.en.txt,Sabbath-Law,106868,1 [music] 2 3 Heat. Heat. 4 5 [music] 6 7 Heat. Heat. 8 9 [music] 10 11 [music] 12 13 [music] 14 15 >> [music] 16 17 [music] 18 19 >> Heat. Heat. 20 21 [music] 22 23 [music] 24 25 >> [music] 26 27 >> Heat. Heat. 28
cleaned_This Same Jesus.en.txt,Sermons-General,40221,1 amen amen 2 amen amen 3 amen amen amen 4 amen 5 amen um I'm going to take this first minute 6 um I'm going to take this first minute 7 um I'm going to take this first minute just to uh encourage you all to start 8 just
cleaned_This is for YOU! Join is for Sabbath Services LIVE!.en.txt,Marriage-Family,111076,1 Heat. Heat. 2 3 Heat. Hey. Hey. Hey. 4 5 Heat. Heat. 6 7 Heat. Heat. 8 9 Heat. 10 11 Heat. 12 13 Heat. Heat. 14 15 Heat. Heat. 16 17 Heat. Heat. 18 19 Welcome living mana church family. It's 20 Welcome living mana church family. It's
cleaned_This is for YOU! Join is for Sabbath Services LIVE!.en.txt,Health-Wellness,111076,1 Heat. Heat. 2 3 Heat. Hey. Hey. Hey. 4 5 Heat. Heat. 6 7 Heat. Heat. 8 9 Heat. 10 11 Heat. 12 13 Heat. Heat. 14 15 Heat. Heat. 16 17 Heat. Heat. 18 19 Welcome living mana church family. It's 20 Welcome living mana church family. It's
cleaned_This is for YOU! Join is for Sabbath Services LIVE!.en.txt,Current-Events-Commentary,111076,1 Heat. Heat. 2 3 Heat. Hey. Hey. Hey. 4 5 Heat. Heat. 6 7 Heat. Heat. 8 9 Heat. 10 11 Heat. 12 13 Heat. Heat. 14 15 Heat. Heat. 16 17 Heat. Heat. 18 19 Welcome living mana church family. It's 20 Welcome living mana church family. It's
cleaned_This is for YOU! Join is for Sabbath Services LIVE!.en.txt,Sabbath-Law,111076,1 Heat. Heat. 2 3 Heat. Hey. Hey. Hey. 4 5 Heat. Heat. 6 7 Heat. Heat. 8 9 Heat. 10 11 Heat. 12 13 Heat. Heat. 14 15 Heat. Heat. 16 17 Heat. Heat. 18 19 Welcome living mana church family. It's 20 Welcome living mana church family. It's
cleaned_Three Unclean Spirits and the Counterfeit Appearing of ＂Jesus＂.en.txt,Marriage-Family,34108,"1 All 2 3 right. Hello, church family. 4 right. Hello, church family. 5 right. Hello, church family. Um, we are back. Just put a one in the 6 Um, we are back. Just put a one in the 7 Um, we are back. Just put a one in the"
cleaned_Time Restricted Eating ｜ Morning vs. Midday Meals.en.txt,Apologetics-Defense,7681,1 today we're going to talk about a very 2 today we're going to talk about a very 3 today we're going to talk about a very interesting randomized control trial 4 interesting randomized control trial 5 interesting randomized control trial that was published back in February of 6 that
cleaned_Time Restricted Eating ｜ Morning vs. Midday Meals.en.txt,Health-Wellness,7681,1 today we're going to talk about a very 2 today we're going to talk about a very 3 today we're going to talk about a very interesting randomized control trial 4 interesting randomized control trial 5 interesting randomized control trial that was published back in February of 6 that
cleaned_Time of Plenty (#IamJoseph). My hobby is gathering bread..en.txt,Sabbath-Law,23167,1 happy 2 3 Sabbath and yes I still get to say good 4 5 morning uh praise the Lord for that song 6 morning uh praise the Lord for that song 7 morning uh praise the Lord for that song that was a song I could listen to twice
cleaned_Top 6 Foods that DESTROY Your PROSTATE.en.txt,Marriage-Family,2248,1 in light of prostate cancer awareness 2 in light of prostate cancer awareness 3 in light of prostate cancer awareness month I'd like to introduce you to John 4 month I'd like to introduce you to John 5 month I'd like to introduce you to John a 43-year-old male
cleaned_Top 6 Foods that DESTROY Your PROSTATE.en.txt,Health-Wellness,2248,1 in light of prostate cancer awareness 2 in light of prostate cancer awareness 3 in light of prostate cancer awareness month I'd like to introduce you to John 4 month I'd like to introduce you to John 5 month I'd like to introduce you to John a 43-year-old male
cleaned_Tribute to My Brother Sean Myers： Heaven's Diary Part 1 and 2 mp4.en.txt,Sermons-General,77966,"1 Hey guys, Pastor Myers here and um 2 Hey guys, Pastor Myers here and um 3 Hey guys, Pastor Myers here and um I am uh just jumping on tonight to uh 4 I am uh just jumping on tonight to uh 5 I am uh just jumping on"
cleaned_Trust God Even When You're Surrounded (Unlike 12 Spies in Canaan) ｜ Pastor Ivor Myers.en.txt,Mental-Health-Soul-Care,21081,1 and we will begin 2 and we will begin 3 and we will begin reading from verse 4 reading from verse 5 reading from verse one when you're there please say 6 one when you're there please say 7 one when you're there please say amen and the Bible
cleaned_Unashamed by the Great Disappointment.en.txt,Prophecy-Daniel-Revelation,2516,1 what is a great disappointment well um 2 what is a great disappointment well um 3 what is a great disappointment well um the millerite movement 4 the millerite movement 5 the millerite movement believed that something was going to 6 believed that something was going to 7 believed
cleaned_Unashamed by the Great Disappointment.en.txt,Sanctuary-Judgment-1844,2516,1 what is a great disappointment well um 2 what is a great disappointment well um 3 what is a great disappointment well um the millerite movement 4 the millerite movement 5 the millerite movement believed that something was going to 6 believed that something was going to 7 believed
cleaned_Uncovering The Mystery Surrounding Israel's Biblical Identity.en.txt,Sabbath-Law,54557,1 in Jesus name amen and amen 2 in Jesus name amen and amen 3 in Jesus name amen and amen uh first I want to wish happy Sabbath to 4 uh first I want to wish happy Sabbath to 5 uh first I want to wish happy Sabbath to
"cleaned_Unhealthy Vegans ｜ Kennisha Reynolds, ND.en.txt",Health-Wellness,1725,1 point here is that he was not eating the 2 point here is that he was not eating the 3 point here is that he was not eating the right foods outwardly he looked 4 right foods outwardly he looked 5 right foods outwardly he looked fit and healthy
cleaned_Unveiling America's Astonishing Role in Bible Prophecy.en.txt,Prophecy-Daniel-Revelation,39569,1 there are three beasts in the Book of 2 there are three beasts in the Book of 3 there are three beasts in the Book of Revelation the first Beast Rises out of 4 Revelation the first Beast Rises out of 5 Revelation the first Beast Rises out of
cleaned_Unveiling America's Astonishing Role in Bible Prophecy.en.txt,Current-Events-Commentary,39569,1 there are three beasts in the Book of 2 there are three beasts in the Book of 3 there are three beasts in the Book of Revelation the first Beast Rises out of 4 Revelation the first Beast Rises out of 5 Revelation the first Beast Rises out of
cleaned_Unveiling the Relationship Between Sunlight and Viruses (Case Study).en.txt,Mental-Health-Soul-Care,12355,1 the room was dark dank uh it was 2 the room was dark dank uh it was 3 the room was dark dank uh it was depressing in there the patient was 4 depressing in there the patient was 5 depressing in there the patient was asking how much
cleaned_Unveiling the Relationship Between Sunlight and Viruses (Case Study).en.txt,Marriage-Family,12355,1 the room was dark dank uh it was 2 the room was dark dank uh it was 3 the room was dark dank uh it was depressing in there the patient was 4 depressing in there the patient was 5 depressing in there the patient was asking how much
cleaned_Use Sunlight to Optimize Your Well-Being ｜ Dr. Roger Seheult.en.txt,Sermons-General,23523,1 we're going to talk about the way that 2 we're going to talk about the way that 3 we're going to talk about the way that light 4 light 5 light affects our body we talked about this a 6 affects our body we talked about this a 7
cleaned_Wake Up and Witness (Light of The World) ｜ Pastor Ivor Myers.en.txt,Sermons-General,17831,1 when the flesh is exposed the devil sees 2 when the flesh is exposed the devil sees 3 when the flesh is exposed the devil sees you because the devil is attracted to 4 you because the devil is attracted to 5 you because the devil is attracted to
cleaned_Walk After The Spirit to Light Up the World! ｜ Pastor Ivor Myers.en.txt,Sermons-General,1172,1 romans chapter 13 verse 11 romans 2 romans chapter 13 verse 11 romans 3 romans chapter 13 verse 11 romans chapter 13 verse 11 the bible says and 4 chapter 13 verse 11 the bible says and 5 chapter 13 verse 11 the bible says and that knowing the
cleaned_War Stories - I Was Jumped by 20 Guys.en.txt,Sermons-General,1190,1 So it's Friday night. 2 I'm a young college student at this time. I'm attending a party at another university. 3 I'm making my way through this party... 4 ...and I notice that there is this guy standing a distance away from me and he's just staring 5 at
cleaned_War Stories - Trailer.en.txt,Sermons-General,261,"1 So it's Friday night. 2 I'm a young college student at this time. I'm attending a party at another university. 3 I'm making my way through this party... 4 ...and I notice that there's this guy standing 5 a distance away from me, and he's just staring at me."
cleaned_Watch the Tape.en.txt,Sermons-General,63578,"1 my 2 my 3 my life 4 life 5 life free moving pain. 6 7 Lord, let my words 8 9 heal a heart that hurts. 10 heal a heart that hurts. 11 heal a heart that hurts. I want to spend my life 12 13 ending broken 14"
"cleaned_Water Therapy： Improve Cell Signaling, Increase Heat Shock Proteins ｜ Dr. Roger Seheult.en.txt",Health-Wellness,27381,1 today we're going to talk about 2 today we're going to talk about 3 today we're going to talk about something that is gaining traction and 4 something that is gaining traction and 5 something that is gaining traction and is looking more and more like a viable 6
"cleaned_Wear a Mask？ 7 Churches—Time Periods, or Apostolic？ ｜ I Got a Question - 1.en.txt",Current-Events-Commentary,2323,1 [Music] 2 3 [Music] 4 [Music] 5 [Music] hey guys 6 hey guys 7 hey guys pastor myers here and uh this is the 8 pastor myers here and uh this is the 9 pastor myers here and uh this is the first episode 10 first episode 11 first
cleaned_What Did NOT Happen at The Cross ｜ Pastor Ivor Myers.en.txt,Sermons-General,35909,1 is good to be with you once again today 2 is good to be with you once again today 3 is good to be with you once again today we have a very special message and we're 4 we have a very special message and we're 5 we have
cleaned_What Will Heaven Be Like？  ＂The Heaven Diary＂.en.txt,Prophecy-Daniel-Revelation,6833,1 [Music] 2 [Music] 3 [Music] awake awake Daniel 12 1-3 The Voice 4 awake awake Daniel 12 1-3 The Voice 5 awake awake Daniel 12 1-3 The Voice pierces my ears jolting me out of my 6 pierces my ears jolting me out of my 7 pierces my ears
cleaned_What Will Heaven Be Like？  ＂The Heaven Diary＂.en.txt,Mental-Health-Soul-Care,6833,1 [Music] 2 [Music] 3 [Music] awake awake Daniel 12 1-3 The Voice 4 awake awake Daniel 12 1-3 The Voice 5 awake awake Daniel 12 1-3 The Voice pierces my ears jolting me out of my 6 pierces my ears jolting me out of my 7 pierces my ears
cleaned_What Will Heaven Be Like？  ＂The Heaven Diary＂.en.txt,Marriage-Family,6833,1 [Music] 2 [Music] 3 [Music] awake awake Daniel 12 1-3 The Voice 4 awake awake Daniel 12 1-3 The Voice 5 awake awake Daniel 12 1-3 The Voice pierces my ears jolting me out of my 6 pierces my ears jolting me out of my 7 pierces my ears
cleaned_What Will Heaven Be Like？  ＂The Heaven Diary＂.en.txt,Current-Events-Commentary,6833,1 [Music] 2 [Music] 3 [Music] awake awake Daniel 12 1-3 The Voice 4 awake awake Daniel 12 1-3 The Voice 5 awake awake Daniel 12 1-3 The Voice pierces my ears jolting me out of my 6 pierces my ears jolting me out of my 7 pierces my ears
cleaned_When America Goes Beastmode：  Pastor Myers.en.txt,Prophecy-Daniel-Revelation,20013,1 1260 years prophetic time okay the Bible 2 1260 years prophetic time okay the Bible 3 1260 years prophetic time okay the Bible is pointing out here that God would send 4 is pointing out here that God would send 5 is pointing out here that God would send
cleaned_When America Goes Beastmode：  Pastor Myers.en.txt,Current-Events-Commentary,20013,1 1260 years prophetic time okay the Bible 2 1260 years prophetic time okay the Bible 3 1260 years prophetic time okay the Bible is pointing out here that God would send 4 is pointing out here that God would send 5 is pointing out here that God would send
cleaned_When No Man Can Buy or Sell.en.txt,Sermons-General,26382,1 Living man online church and please go 2 Living man online church and please go 3 Living man online church and please go ahead and put a one in the chat if you 4 ahead and put a one in the chat if you 5 ahead and put a
cleaned_Where is God in My Fall & Winter？ ｜ Pastor Ivor Myers.en.txt,Marriage-Family,1870,1 what if I told you that you could 2 what if I told you that you could 3 what if I told you that you could choose your favorite season to live 4 choose your favorite season to live 5 choose your favorite season to live in the rest
cleaned_Where's Your Energy Focused？ ｜ Pastor Ivor Myers.en.txt,Sermons-General,12310,1 so what is it that enables the wise to 2 so what is it that enables the wise to 3 so what is it that enables the wise to do what they hear it's not otherwise 4 do what they hear it's not otherwise 5 do what they hear
cleaned_Who is the Scapegoat？.en.txt,Sermons-General,44058,1 [Music] 2 3 [Music] 4 5 [Music] 6 7 [Music] 8 [Music] 9 [Music] for 10 11 [Music] 12 13 amen welcome everyone to living Mana 14 amen welcome everyone to living Mana 15 amen welcome everyone to living Mana online church I'm excited about today's 16 online church
cleaned_Why Did God Allow David's Son to Die？.en.txt,Sermons-General,412,"1 Wanting humor takes life in the 2 Wanting humor takes life in the 3 Wanting humor takes life in the Bible, 4 Bible, 5 Bible, what can we call the devil when 6 what can we call the devil when 7 what can we call the devil when audio"
cleaned_Why Did You Laugh？ ｜ Pastor Ivor Myers.en.txt,Creation-Origins,31206,1 I'm gonna ask a question that will 2 I'm gonna ask a question that will 3 I'm gonna ask a question that will confuse you but it is a title of the 4 confuse you but it is a title of the 5 confuse you but it is a
cleaned_Why So Many Christians Reject An Investigative Judgment.en.txt,Sanctuary-Judgment-1844,46033,1 all right welcome everyone um happy 2 all right welcome everyone um happy 3 all right welcome everyone um happy Sabbath to you I want to uh uh invite 4 Sabbath to you I want to uh uh invite 5 Sabbath to you I want to uh uh invite
cleaned_Why So Many Christians Reject An Investigative Judgment.en.txt,Sabbath-Law,46033,1 all right welcome everyone um happy 2 all right welcome everyone um happy 3 all right welcome everyone um happy Sabbath to you I want to uh uh invite 4 Sabbath to you I want to uh uh invite 5 Sabbath to you I want to uh uh invite
cleaned_Will The Lord Return Before the End of the Year？.en.txt,Sabbath-Law,23464,1 uh good morning church happy 2 uh good morning church happy 3 uh good morning church happy Sabbath let us uh pause for a word of 4 Sabbath let us uh pause for a word of 5 Sabbath let us uh pause for a word of prayer bow your
cleaned_Worship Service： Prayer Walks & Feeding those in Need.en.txt,Marriage-Family,109362,1 [Music] 2 [Music] 3 [Music] in 4 5 [Music] 6 7 for 8 for 9 for [Music] 10 [Music] 11 [Music] [Applause] 12 13 [Music] 14 15 [Music] 16 17 [Music] 18 19 [Music] 20 21 e 22 23 welcome living Mana church family we are 24 welcome living
cleaned_You've Never Heard the Bible Story Like This Before.en.txt,Sermons-General,25024,1 I am excited uh tonight because I have a 2 I am excited uh tonight because I have a 3 I am excited uh tonight because I have a good story to tell you. How many of you 4 good story to tell you. How many of you 5
cleaned_Your Toughest Questions. Our Realest Answers. LIVE.en.txt,Mental-Health-Soul-Care,31118,"1 Hey guys, welcome back to Mental Health 2 Hey guys, welcome back to Mental Health 3 Hey guys, welcome back to Mental Health Monday. So good to see you and have you 4 Monday. So good to see you and have you 5 Monday. So good to see you"
cleaned_Your Toughest Questions. Our Realest Answers. LIVE.en.txt,Health-Wellness,31118,"1 Hey guys, welcome back to Mental Health 2 Hey guys, welcome back to Mental Health 3 Hey guys, welcome back to Mental Health Monday. So good to see you and have you 4 Monday. So good to see you and have you 5 Monday. So good to see you"
cleaned_Daniel In 7 days course registration. www.myphototheology.com.en.txt,Prophecy-Daniel-Revelation,5075,1 All right. Hello everybody. Uh 2 3 good evening. Good evening. Good 4 good evening. Good evening. Good 5 good evening. Good evening. Good evening. Um 6 evening. Um 7 evening. Um I am 8 I am 9 I am coming to you live from Virginia. 10 coming to
cleaned_Daniel In 7 days course registration. www.myphototheology.com.en.txt,Phototheology-Principles,5075,1 All right. Hello everybody. Uh 2 3 good evening. Good evening. Good 4 good evening. Good evening. Good 5 good evening. Good evening. Good evening. Um 6 evening. Um 7 evening. Um I am 8 I am 9 I am coming to you live from Virginia. 10 coming to
cleaned_Daniel In 7 days course registration. www.myphototheology.com.en.txt,Sabbath-Law,5075,1 All right. Hello everybody. Uh 2 3 good evening. Good evening. Good 4 good evening. Good evening. Good 5 good evening. Good evening. Good evening. Um 6 evening. Um 7 evening. Um I am 8 I am 9 I am coming to you live from Virginia. 10 coming to
cleaned_Daniel in 7 DAYS Announcement!.en.txt,Prophecy-Daniel-Revelation,1273,"1 Hey guys, um Pastor Meyers here. Um 2 Hey guys, um Pastor Meyers here. Um 3 Hey guys, um Pastor Meyers here. Um I am just jumping on uh quickly to 4 I am just jumping on uh quickly to 5 I am just jumping on uh quickly to"
cleaned_How to Study the Bible： Christ's Overview of Daniel ｜ Pastor Ivor Myers.en.txt,Prophecy-Daniel-Revelation,4005,1 I'll share with you another example and 2 I'll share with you another example and 3 I'll share with you another example and this is one of my favorites that we 4 this is one of my favorites that we 5 this is one of my favorites that we
cleaned_How to Study the Bible： Christ's Overview of Daniel ｜ Pastor Ivor Myers.en.txt,Bible-Study-Methods,4005,1 I'll share with you another example and 2 I'll share with you another example and 3 I'll share with you another example and this is one of my favorites that we 4 this is one of my favorites that we 5 this is one of my favorites that we
cleaned_How to Study the Bible： Christ's Overview of Daniel ｜ Pastor Ivor Myers.en.txt,Three-Angels-Messages,4005,1 I'll share with you another example and 2 I'll share with you another example and 3 I'll share with you another example and this is one of my favorites that we 4 this is one of my favorites that we 5 this is one of my favorites that we
cleaned_Is 1844 Really Biblical？ Unveil The TRUTH on Daniel 8_14.en.txt,Prophecy-Daniel-Revelation,45080,"1 All right, everyone. We are back. Uh 2 All right, everyone. We are back. Uh 3 All right, everyone. We are back. Uh slight technical difficulty, but uh 4 slight technical difficulty, but uh 5 slight technical difficulty, but uh we're back and we are good to go. So"
cleaned_Is 1844 Really Biblical？ Unveil The TRUTH on Daniel 8_14.en.txt,Sanctuary-Judgment-1844,45080,"1 All right, everyone. We are back. Uh 2 All right, everyone. We are back. Uh 3 All right, everyone. We are back. Uh slight technical difficulty, but uh 4 slight technical difficulty, but uh 5 slight technical difficulty, but uh we're back and we are good to go. So"
cleaned_01 Overview of Revelation SPANISH SUB.en.txt,Prophecy-Daniel-Revelation,16267,1 how exciting is this we are going to be 2 how exciting is this we are going to be 3 how exciting is this we are going to be studying the book of Revelation I know 4 studying the book of Revelation I know 5 studying the book of
cleaned_20240902 - Are Adventists ALONE in Satan as Scapegoat Belief？ (Shocking Revelation).en.txt,Prophecy-Daniel-Revelation,8393,1 y I promise 2 y I promise 3 y I promise you this is going to be 4 you this is going to be 5 you this is going to be where 6 where 7 where where okay fat check number nine 8 where okay fat check number nine
cleaned_20240902 - Are Adventists ALONE in Satan as Scapegoat Belief？ (Shocking Revelation).en.txt,Sanctuary-Judgment-1844,8393,1 y I promise 2 y I promise 3 y I promise you this is going to be 4 you this is going to be 5 you this is going to be where 6 where 7 where where okay fat check number nine 8 where okay fat check number nine
cleaned_20241112 - Revelation 13 and the 2024 Election Shocker.en.txt,Prophecy-Daniel-Revelation,52232,1 e 2 3 [Music] 4 5 [Music] 6 7 [Music] 8 9 [Music] 10 11 [Music] 12 13 [Music] 14 15 [Music] 16 17 [Music] 18 19 [Music] 20 21 [Music] 22 23 [Music] 24 25 [Music] 26 27 [Music] 28 29 [Music] 30 31 [Music] 32 33 [Music]
cleaned_20241112 - Revelation 13 and the 2024 Election Shocker.en.txt,Marriage-Family,52232,1 e 2 3 [Music] 4 5 [Music] 6 7 [Music] 8 9 [Music] 10 11 [Music] 12 13 [Music] 14 15 [Music] 16 17 [Music] 18 19 [Music] 20 21 [Music] 22 23 [Music] 24 25 [Music] 26 27 [Music] 28 29 [Music] 30 31 [Music] 32 33 [Music]
cleaned_20241112 - Revelation 13 and the 2024 Election Shocker.en.txt,Current-Events-Commentary,52232,1 e 2 3 [Music] 4 5 [Music] 6 7 [Music] 8 9 [Music] 10 11 [Music] 12 13 [Music] 14 15 [Music] 16 17 [Music] 18 19 [Music] 20 21 [Music] 22 23 [Music] 24 25 [Music] 26 27 [Music] 28 29 [Music] 30 31 [Music] 32 33 [Music]
cleaned_20241112 - Revelation 13 and the 2024 Election Shocker.en.txt,Sabbath-Law,52232,1 e 2 3 [Music] 4 5 [Music] 6 7 [Music] 8 9 [Music] 10 11 [Music] 12 13 [Music] 14 15 [Music] 16 17 [Music] 18 19 [Music] 20 21 [Music] 22 23 [Music] 24 25 [Music] 26 27 [Music] 28 29 [Music] 30 31 [Music] 32 33 [Music]
cleaned_Are Adventists ALONE in Satan as Scapegoat Belief？ (Shocking Revelation).en.txt,Prophecy-Daniel-Revelation,8393,1 y I promise 2 y I promise 3 y I promise you this is going to be 4 you this is going to be 5 you this is going to be where 6 where 7 where where okay fat check number nine 8 where okay fat check number nine
cleaned_Are Adventists ALONE in Satan as Scapegoat Belief？ (Shocking Revelation).en.txt,Sanctuary-Judgment-1844,8393,1 y I promise 2 y I promise 3 y I promise you this is going to be 4 you this is going to be 5 you this is going to be where 6 where 7 where where okay fat check number nine 8 where okay fat check number nine
cleaned_How To Understand the Prophetic Book of Revelation Part 1： Intro to the Seven Churches.en.txt,Prophecy-Daniel-Revelation,17057,1 [Music] 2 [Music] 3 [Music] how exciting is this we are going to be 4 how exciting is this we are going to be 5 how exciting is this we are going to be studying The Book of Revelation I know 6 studying The Book of Revelation I know
cleaned_Revelation 13 and the 2024 Election Shocker.en.txt,Prophecy-Daniel-Revelation,52232,1 e 2 3 [Music] 4 5 [Music] 6 7 [Music] 8 9 [Music] 10 11 [Music] 12 13 [Music] 14 15 [Music] 16 17 [Music] 18 19 [Music] 20 21 [Music] 22 23 [Music] 24 25 [Music] 26 27 [Music] 28 29 [Music] 30 31 [Music] 32 33 [Music]
cleaned_Revelation 13 and the 2024 Election Shocker.en.txt,Marriage-Family,52232,1 e 2 3 [Music] 4 5 [Music] 6 7 [Music] 8 9 [Music] 10 11 [Music] 12 13 [Music] 14 15 [Music] 16 17 [Music] 18 19 [Music] 20 21 [Music] 22 23 [Music] 24 25 [Music] 26 27 [Music] 28 29 [Music] 30 31 [Music] 32 33 [Music]
cleaned_Revelation 13 and the 2024 Election Shocker.en.txt,Current-Events-Commentary,52232,1 e 2 3 [Music] 4 5 [Music] 6 7 [Music] 8 9 [Music] 10 11 [Music] 12 13 [Music] 14 15 [Music] 16 17 [Music] 18 19 [Music] 20 21 [Music] 22 23 [Music] 24 25 [Music] 26 27 [Music] 28 29 [Music] 30 31 [Music] 32 33 [Music]
cleaned_Revelation 13 and the 2024 Election Shocker.en.txt,Sabbath-Law,52232,1 e 2 3 [Music] 4 5 [Music] 6 7 [Music] 8 9 [Music] 10 11 [Music] 12 13 [Music] 14 15 [Music] 16 17 [Music] 18 19 [Music] 20 21 [Music] 22 23 [Music] 24 25 [Music] 26 27 [Music] 28 29 [Music] 30 31 [Music] 32 33 [Music]
cleaned_Revelation Juiced Lockdown.en.txt,Prophecy-Daniel-Revelation,1285,1 all right 2 all right 3 all right uh i'm gonna wait for you guys to get 4 uh i'm gonna wait for you guys to get 5 uh i'm gonna wait for you guys to get on make sure you can hear me all right 6 on make
cleaned_Revelation Juiced Lockdown.en.txt,Sanctuary-Judgment-1844,1285,1 all right 2 all right 3 all right uh i'm gonna wait for you guys to get 4 uh i'm gonna wait for you guys to get 5 uh i'm gonna wait for you guys to get on make sure you can hear me all right 6 on make
cleaned_Revelation in 7 Days Announcement.en.txt,Prophecy-Daniel-Revelation,3324,"1 Hello um 2 Hello um 3 Hello um YouTube friends, Facebook 4 YouTube friends, Facebook 5 YouTube friends, Facebook uh friends. Good evening. Good evening. 6 uh friends. Good evening. Good evening. 7 uh friends. Good evening. Good evening. Um I am just uh jumping on to take 8"
cleaned_Revelation in 7 Days Announcement.en.txt,Sabbath-Law,3324,"1 Hello um 2 Hello um 3 Hello um YouTube friends, Facebook 4 YouTube friends, Facebook 5 YouTube friends, Facebook uh friends. Good evening. Good evening. 6 uh friends. Good evening. Good evening. 7 uh friends. Good evening. Good evening. Um I am just uh jumping on to take 8"
cleaned_Ride or Die. The Four Horsemen of Revelation.en.txt,Prophecy-Daniel-Revelation,26705,1 thank you guys happy Sabbath once again 2 thank you guys happy Sabbath once again 3 thank you guys happy Sabbath once again everyone let us pray Heavenly Father we 4 5 come before you today asking that you 6 come before you today asking that you 7 come
cleaned_Ride or Die. The Four Horsemen of Revelation.en.txt,Marriage-Family,26705,1 thank you guys happy Sabbath once again 2 thank you guys happy Sabbath once again 3 thank you guys happy Sabbath once again everyone let us pray Heavenly Father we 4 5 come before you today asking that you 6 come before you today asking that you 7 come
cleaned_Ride or Die. The Four Horsemen of Revelation.en.txt,Sabbath-Law,26705,1 thank you guys happy Sabbath once again 2 thank you guys happy Sabbath once again 3 thank you guys happy Sabbath once again everyone let us pray Heavenly Father we 4 5 come before you today asking that you 6 come before you today asking that you 7 come
cleaned_The Image of the Beast (Revelation 13 prophecy) ｜ Pastor Ivor Myers.en.txt,Prophecy-Daniel-Revelation,23216,1 you ever heard of neural plasticity how 2 you ever heard of neural plasticity how 3 you ever heard of neural plasticity how you can create new pathways in your mind 4 you can create new pathways in your mind 5 you can create new pathways in your mind
cleaned_The Image of the Beast (Revelation 13 prophecy) ｜ Pastor Ivor Myers.en.txt,Sanctuary-Judgment-1844,23216,1 you ever heard of neural plasticity how 2 you ever heard of neural plasticity how 3 you ever heard of neural plasticity how you can create new pathways in your mind 4 you can create new pathways in your mind 5 you can create new pathways in your mind
cleaned_The Image of the Beast (Revelation 13 prophecy) ｜ Pastor Ivor Myers.en.txt,Mental-Health-Soul-Care,23216,1 you ever heard of neural plasticity how 2 you ever heard of neural plasticity how 3 you ever heard of neural plasticity how you can create new pathways in your mind 4 you can create new pathways in your mind 5 you can create new pathways in your mind
cleaned_10 Days to Better Health!.en.txt,Health-Wellness,36825,"1 Hello 2 Hello 3 Hello everyone. Welcome to True Health 4 everyone. Welcome to True Health 5 everyone. Welcome to True Health Tuesdays. This is my first time, so this 6 Tuesdays. This is my first time, so this 7 Tuesdays. This is my first time, so this is"
cleaned_10 Days to Better Health!.en.txt,Sabbath-Law,36825,"1 Hello 2 Hello 3 Hello everyone. Welcome to True Health 4 everyone. Welcome to True Health 5 everyone. Welcome to True Health Tuesdays. This is my first time, so this 6 Tuesdays. This is my first time, so this 7 Tuesdays. This is my first time, so this is"
cleaned_20240221 - How Environmental Toxins Silently Fuel Chronic Diseases.en.txt,Health-Wellness,14075,1 this is a big problem it's a really big 2 this is a big problem it's a really big 3 this is a big problem it's a really big problem I see it a lot in my patients 4 problem I see it a lot in my patients 5
cleaned_20240306 - How to Detox Your Home Today (Using Science).en.txt,Health-Wellness,16443,1 I'm going to walk you through how to 2 I'm going to walk you through how to 3 I'm going to walk you through how to detox your home so we're working on 4 detox your home so we're working on 5 detox your home so we're working on
cleaned_An Integrative Practitioner's Guide to Breast Health.en.txt,Health-Wellness,17700,1 29-year-old John discovered a lump in 2 29-year-old John discovered a lump in 3 29-year-old John discovered a lump in his right breast he ignored it he 4 his right breast he ignored it he 5 his right breast he ignored it he thought it had something to do
cleaned_Escape the Clutches of Diabetes with these 4 Essential Components.en.txt,Health-Wellness,7037,1 by the time of diagnosis diabetic 2 by the time of diagnosis diabetic 3 by the time of diagnosis diabetic patients have lost approximately 50% of 4 patients have lost approximately 50% of 5 patients have lost approximately 50% of their insulin producing pancreatic beta 6 their insulin producing
"cleaned_Gut Health = Mental Health ｜ Kennisha Reynolds, ND.en.txt",Health-Wellness,2795,1 know 90 percent of serotonin is produced 2 know 90 percent of serotonin is produced 3 know 90 percent of serotonin is produced in 4 in 5 in this the digestive tract 6 7 because the digestive system has a 8 because the digestive system has a 9 because
"cleaned_Gut Health = Mental Health ｜ Kennisha Reynolds, ND.en.txt",Mental-Health-Soul-Care,2795,1 know 90 percent of serotonin is produced 2 know 90 percent of serotonin is produced 3 know 90 percent of serotonin is produced in 4 in 5 in this the digestive tract 6 7 because the digestive system has a 8 because the digestive system has a 9 because
cleaned_How Environmental Toxins Silently Fuel Chronic Diseases.en.txt,Health-Wellness,14075,1 this is a big problem it's a really big 2 this is a big problem it's a really big 3 this is a big problem it's a really big problem I see it a lot in my patients 4 problem I see it a lot in my patients 5
cleaned_How to Detox Your Home Today (Using Science).en.txt,Health-Wellness,16443,1 I'm going to walk you through how to 2 I'm going to walk you through how to 3 I'm going to walk you through how to detox your home so we're working on 4 detox your home so we're working on 5 detox your home so we're working on
cleaned_Mental Health Monday S3 - Ep. 12.en.txt,Health-Wellness,31545,1 [Music] 2 3 Hello mental health Monday family. I 4 Hello mental health Monday family. I 5 Hello mental health Monday family. I almost said the wrong thing. Living man 6 almost said the wrong thing. Living man 7 almost said the wrong thing. Living man of church family.
cleaned_Mental Health Monday S3 - Ep. 12.en.txt,Mental-Health-Soul-Care,31545,1 [Music] 2 3 Hello mental health Monday family. I 4 Hello mental health Monday family. I 5 Hello mental health Monday family. I almost said the wrong thing. Living man 6 almost said the wrong thing. Living man 7 almost said the wrong thing. Living man of church family.
cleaned_Mental Health Monday S3 - Ep. 12.en.txt,Marriage-Family,31545,1 [Music] 2 3 Hello mental health Monday family. I 4 Hello mental health Monday family. I 5 Hello mental health Monday family. I almost said the wrong thing. Living man 6 almost said the wrong thing. Living man 7 almost said the wrong thing. Living man of church family.
cleaned_Mental Health Monday S3 - Ep. 13.en.txt,Health-Wellness,30139,1 [Music] 2 3 Welcome Mental Health Monday family. 4 Welcome Mental Health Monday family. 5 Welcome Mental Health Monday family. We're so happy that you are here with us 6 We're so happy that you are here with us 7 We're so happy that you are here with us
cleaned_Mental Health Monday S3 - Ep. 13.en.txt,Mental-Health-Soul-Care,30139,1 [Music] 2 3 Welcome Mental Health Monday family. 4 Welcome Mental Health Monday family. 5 Welcome Mental Health Monday family. We're so happy that you are here with us 6 We're so happy that you are here with us 7 We're so happy that you are here with us
cleaned_Mental Health Monday S3 - Ep. 13.en.txt,Marriage-Family,30139,1 [Music] 2 3 Welcome Mental Health Monday family. 4 Welcome Mental Health Monday family. 5 Welcome Mental Health Monday family. We're so happy that you are here with us 6 We're so happy that you are here with us 7 We're so happy that you are here with us
cleaned_Mental Health Monday S3 - Ep. 14.en.txt,Health-Wellness,33405,"1 Hey, hey, hey. 2 3 [Music] 4 5 Welcome, Mental Health Monday family. 6 Welcome, Mental Health Monday family. 7 Welcome, Mental Health Monday family. It's so good to be here with you. Uh 8 It's so good to be here with you. Uh 9 It's so good to"
cleaned_Mental Health Monday S3 - Ep. 14.en.txt,Mental-Health-Soul-Care,33405,"1 Hey, hey, hey. 2 3 [Music] 4 5 Welcome, Mental Health Monday family. 6 Welcome, Mental Health Monday family. 7 Welcome, Mental Health Monday family. It's so good to be here with you. Uh 8 It's so good to be here with you. Uh 9 It's so good to"
cleaned_Mental Health Monday S3 - Ep. 14.en.txt,Marriage-Family,33405,"1 Hey, hey, hey. 2 3 [Music] 4 5 Welcome, Mental Health Monday family. 6 Welcome, Mental Health Monday family. 7 Welcome, Mental Health Monday family. It's so good to be here with you. Uh 8 It's so good to be here with you. Uh 9 It's so good to"
cleaned_Mental Health Monday S3 - Ep. 15.en.txt,Health-Wellness,34351,1 [Music] 2 3 [Music] 4 5 Welcome mental health family members and 6 Welcome mental health family members and 7 Welcome mental health family members and viewers 8 viewers 9 viewers are welcome to mental health Monday. 10 are welcome to mental health Monday. 11 are welcome to mental
cleaned_Mental Health Monday S3 - Ep. 15.en.txt,Mental-Health-Soul-Care,34351,1 [Music] 2 3 [Music] 4 5 Welcome mental health family members and 6 Welcome mental health family members and 7 Welcome mental health family members and viewers 8 viewers 9 viewers are welcome to mental health Monday. 10 are welcome to mental health Monday. 11 are welcome to mental
cleaned_Mental Health Monday S3 - Ep. 15.en.txt,Marriage-Family,34351,1 [Music] 2 3 [Music] 4 5 Welcome mental health family members and 6 Welcome mental health family members and 7 Welcome mental health family members and viewers 8 viewers 9 viewers are welcome to mental health Monday. 10 are welcome to mental health Monday. 11 are welcome to mental
cleaned_Mental Health Monday Season 3-Ep. 13.en.txt,Health-Wellness,18731,1 [Music] 2 3 Welcome Mental Health Monday family. So 4 Welcome Mental Health Monday family. So 5 Welcome Mental Health Monday family. So good to see you guys here. We apologize 6 good to see you guys here. We apologize 7 good to see you guys here. We apologize
cleaned_Mental Health Monday Season 3-Ep. 13.en.txt,Mental-Health-Soul-Care,18731,1 [Music] 2 3 Welcome Mental Health Monday family. So 4 Welcome Mental Health Monday family. So 5 Welcome Mental Health Monday family. So good to see you guys here. We apologize 6 good to see you guys here. We apologize 7 good to see you guys here. We apologize
cleaned_Mental Health Monday Season 3-Ep. 13.en.txt,Marriage-Family,18731,1 [Music] 2 3 Welcome Mental Health Monday family. So 4 Welcome Mental Health Monday family. So 5 Welcome Mental Health Monday family. So good to see you guys here. We apologize 6 good to see you guys here. We apologize 7 good to see you guys here. We apologize
cleaned_Mental Health Monday Season 3-Ep. 9.en.txt,Health-Wellness,32752,1 the 2 3 [Music] 4 5 welcome to mental health Mondays it's so 6 welcome to mental health Mondays it's so 7 welcome to mental health Mondays it's so good to see each and every one of you 8 good to see each and every one of you 9
cleaned_Mental Health Monday Season 3-Ep. 9.en.txt,Mental-Health-Soul-Care,32752,1 the 2 3 [Music] 4 5 welcome to mental health Mondays it's so 6 welcome to mental health Mondays it's so 7 welcome to mental health Mondays it's so good to see each and every one of you 8 good to see each and every one of you 9
cleaned_Reversing Diabetes and Metabolic Disease Session 4.en.txt,Health-Wellness,51532,"1 Hello friends, welcome back to True 2 Hello friends, welcome back to True 3 Hello friends, welcome back to True Health Tuesday. My name is Maria Jose 4 Health Tuesday. My name is Maria Jose 5 Health Tuesday. My name is Maria Jose Hmel and today we are doing"
cleaned_Reversing Diabetes and Metabolic Disease.en.txt,Health-Wellness,48218,"1 Okay, it's done. 2 3 Uhhuh. 4 5 Okay. 6 7 [Music] 8 9 I'm ready. 10 11 Hello. I think we are on already. Um I 12 Hello. I think we are on already. Um I 13 Hello. I think we are on already. Um I am we"
cleaned_True Health Tuesday - 09.16.25 The Healing Properties of Fasting.en.txt,Health-Wellness,45885,"1 Friends of True Health Tuesday, 2 Friends of True Health Tuesday, 3 Friends of True Health Tuesday, I am so happy to be with you again. This 4 I am so happy to be with you again. This 5 I am so happy to be with you again. This"
cleaned_True Health Tuesday - Food Addictions.en.txt,Health-Wellness,46170,1 Good afternoon 2 Good afternoon 3 Good afternoon everyone and welcome back to True Health 4 everyone and welcome back to True Health 5 everyone and welcome back to True Health Tuesday. 6 Tuesday. 7 Tuesday. My name is Maria Jose Haml and as 8 My name is Maria
cleaned_True Health Tuesday - Food Addictions.en.txt,Marriage-Family,46170,1 Good afternoon 2 Good afternoon 3 Good afternoon everyone and welcome back to True Health 4 everyone and welcome back to True Health 5 everyone and welcome back to True Health Tuesday. 6 Tuesday. 7 Tuesday. My name is Maria Jose Haml and as 8 My name is Maria
cleaned_True Health Tuesday.en.txt,Health-Wellness,39077,"1 Hello friends, welcome back to True 2 Hello friends, welcome back to True 3 Hello friends, welcome back to True Health Tuesday. 4 Health Tuesday. 5 Health Tuesday. Uh I am Maria Jose Hammel and I am so 6 Uh I am Maria Jose Hammel and I am so"
cleaned_Using Nutrition to Improve Diabetes.en.txt,Health-Wellness,5175,1 48-year-old Ash came to see me with a 2 48-year-old Ash came to see me with a 3 48-year-old Ash came to see me with a chief complaint of fatigue weight gain 4 chief complaint of fatigue weight gain 5 chief complaint of fatigue weight gain around the abdomen
cleaned_20251003 - PhototheologyGPT： How To Study the Bible Better.en.txt,Phototheology-Principles,28797,"1 All right. 2 All right. 3 All right. I know. I know. I know 4 I know. I know. I know 5 I know. I know. I know this is 6 this is 7 this is late. 8 late. 9 late. Um, 10 11 so I see you all"
cleaned_20251003 - PhototheologyGPT： How To Study the Bible Better.en.txt,Prophecy-Daniel-Revelation,28797,"1 All right. 2 All right. 3 All right. I know. I know. I know 4 I know. I know. I know 5 I know. I know. I know this is 6 this is 7 this is late. 8 late. 9 late. Um, 10 11 so I see you all"
cleaned_20251003 - PhototheologyGPT： How To Study the Bible Better.en.txt,Bible-Study-Methods,28797,"1 All right. 2 All right. 3 All right. I know. I know. I know 4 I know. I know. I know 5 I know. I know. I know this is 6 this is 7 this is late. 8 late. 9 late. Um, 10 11 so I see you all"
cleaned_20251019 - Phototheology GPT Commentary.en.txt,Phototheology-Principles,7599,"1 Hey guys, Pastor Myers here and um I'm 2 Hey guys, Pastor Myers here and um I'm 3 Hey guys, Pastor Myers here and um I'm going to be taking uh some time to 4 going to be taking uh some time to 5 going to be taking uh"
cleaned_20260219 - Genesis 3 Epic Commentary： The Phototheology Bible Study Suite.en.txt,Phototheology-Principles,5464,1 The garden does not know what silence 2 The garden does not know what silence 3 The garden does not know what silence is. There is no word for it. From the 4 is. There is no word for it. From the 5 is. There is no word for
cleaned_20260219 - Genesis 3 Epic Commentary： The Phototheology Bible Study Suite.en.txt,Creation-Origins,5464,1 The garden does not know what silence 2 The garden does not know what silence 3 The garden does not know what silence is. There is no word for it. From the 4 is. There is no word for it. From the 5 is. There is no word for
cleaned_Genesis 3 Epic Commentary： The Phototheology Bible Study Suite.en.txt,Phototheology-Principles,5464,1 The garden does not know what silence 2 The garden does not know what silence 3 The garden does not know what silence is. There is no word for it. From the 4 is. There is no word for it. From the 5 is. There is no word for
cleaned_Genesis 3 Epic Commentary： The Phototheology Bible Study Suite.en.txt,Creation-Origins,5464,1 The garden does not know what silence 2 The garden does not know what silence 3 The garden does not know what silence is. There is no word for it. From the 4 is. There is no word for it. From the 5 is. There is no word for
cleaned_Phototheology Bible Study Suite.en.txt,Phototheology-Principles,27664,"1 All right. Good evening. Um, 2 All right. Good evening. Um, 3 All right. Good evening. Um, good evening everyone. Uh, 4 good evening everyone. Uh, 5 good evening everyone. Uh, y'all go ahead and put a 6 y'all go ahead and put a 7 y'all go ahead and"
cleaned_Phototheology GPT Commentary.en.txt,Phototheology-Principles,7599,"1 Hey guys, Pastor Myers here and um I'm 2 Hey guys, Pastor Myers here and um I'm 3 Hey guys, Pastor Myers here and um I'm going to be taking uh some time to 4 going to be taking uh some time to 5 going to be taking uh"
cleaned_Phototheology in 7 Days.en.txt,Phototheology-Principles,3508,1 good evening everyone. Um 2 good evening everyone. Um 3 good evening everyone. Um hopefully everybody is doing well. Um 4 hopefully everybody is doing well. Um 5 hopefully everybody is doing well. Um just want to let you know that this is 6 just want to let you
cleaned_Phototheology in 7 Days.en.txt,Prophecy-Daniel-Revelation,3508,1 good evening everyone. Um 2 good evening everyone. Um 3 good evening everyone. Um hopefully everybody is doing well. Um 4 hopefully everybody is doing well. Um 5 hopefully everybody is doing well. Um just want to let you know that this is 6 just want to let you
cleaned_Phototheology in 7 Days.en.txt,Sabbath-Law,3508,1 good evening everyone. Um 2 good evening everyone. Um 3 good evening everyone. Um hopefully everybody is doing well. Um 4 hopefully everybody is doing well. Um 5 hopefully everybody is doing well. Um just want to let you know that this is 6 just want to let you
cleaned_PhototheologyGPT： How To Study the Bible Better.en.txt,Phototheology-Principles,28797,"1 All right. 2 All right. 3 All right. I know. I know. I know 4 I know. I know. I know 5 I know. I know. I know this is 6 this is 7 this is late. 8 late. 9 late. Um, 10 11 so I see you all"
cleaned_PhototheologyGPT： How To Study the Bible Better.en.txt,Prophecy-Daniel-Revelation,28797,"1 All right. 2 All right. 3 All right. I know. I know. I know 4 I know. I know. I know 5 I know. I know. I know this is 6 this is 7 this is late. 8 late. 9 late. Um, 10 11 so I see you all"
cleaned_PhototheologyGPT： How To Study the Bible Better.en.txt,Bible-Study-Methods,28797,"1 All right. 2 All right. 3 All right. I know. I know. I know 4 I know. I know. I know 5 I know. I know. I know this is 6 this is 7 this is late. 8 late. 9 late. Um, 10 11 so I see you all"
cleaned_The Phototheology Bible Study Suite.en.txt,Phototheology-Principles,25995,"1 Hey everybody, 2 3 welcome 4 5 Everyone 6 7 All 8 9 right. 10 11 >> [clears throat] 12 13 >> Can you hear me now? 14 15 All right. Testing one, two. Testing 16 All right. Testing one, two. Testing 17 All right. Testing one, two. Testing"
cleaned_The Phototheology Bible Study Suite.en.txt,Prophecy-Daniel-Revelation,25995,"1 Hey everybody, 2 3 welcome 4 5 Everyone 6 7 All 8 9 right. 10 11 >> [clears throat] 12 13 >> Can you hear me now? 14 15 All right. Testing one, two. Testing 16 All right. Testing one, two. Testing 17 All right. Testing one, two. Testing"
cleaned_Understand Phototheology in 7 Days.en.txt,Phototheology-Principles,9357,"1 [Music] 2 3 Hey everyone, uh good evening and happy 4 Hey everyone, uh good evening and happy 5 Hey everyone, uh good evening and happy Sabbath to you. Uh y'all go ahead and 6 Sabbath to you. Uh y'all go ahead and 7 Sabbath to you. Uh y'all"
cleaned_Understand Phototheology in 7 Days.en.txt,Sabbath-Law,9357,"1 [Music] 2 3 Hey everyone, uh good evening and happy 4 Hey everyone, uh good evening and happy 5 Hey everyone, uh good evening and happy Sabbath to you. Uh y'all go ahead and 6 Sabbath to you. Uh y'all go ahead and 7 Sabbath to you. Uh y'all"
